S.No.,Name,CMP Rs.,P/E,Mar Cap Rs.Cr.,Div Yld %,NP Qtr Rs.Cr.,Qtr Profit Var %,Sales Qtr Rs.Cr.,Qtr Sales Var %,ROCE %,Mar Cap 3yrs back Cr.
1.,Life Insurance,905.70,11.75,572855.04,1.32,10955.21,3.91,224671.49,6.00,53.13,
2.,Hyundai Motor I,2395.10,34.67,194611.72,0.88,1570.25,17.38,17061.03,1.10,54.25,
3.,Jio Financial,301.90,119.25,191805.65,0.17,695.04,0.87,981.39,41.51,1.47,
4.,Tata Capital,329.30,37.99,139783.54,0.00,1118.97,2.01,7737.18,7.69,9.58,
5.,Siemens Ener.Ind,3245.40,219.88,115575.35,0.00,262.70,80.18,1784.60,20.24,,
6.,LG Electronics,1633.40,50.37,110870.68,0.00,,,,,56.83,
7.,Swiggy,413.35,,103074.89,0.00,-1092.00,-75.28,5561.00,54.43,-29.22,
8.,Mankind Pharma,2369.50,51.73,97803.12,0.04,444.62,-17.60,3570.35,24.50,15.98,
9.,Waaree Energies,3369.60,35.87,96923.48,0.06,878.21,132.97,6065.64,69.70,34.94,
10.,Bharti Hexacom,1873.00,58.35,93650.00,0.53,421.20,66.42,2317.30,10.47,17.44,
11.,Bajaj Housing,109.54,40.32,91272.39,0.00,583.30,20.86,2615.71,18.43,9.55,
12.,NTPC Green Ene.,100.74,139.87,84886.85,0.00,86.38,130.26,612.29,21.52,4.89,
13.,Lenskart Solut.,,282.64,69741.25,,,,,,5.57,
14.,Vishal Mega Mart,143.49,97.44,67025.15,0.00,206.07,37.24,3140.32,20.95,13.10,
15.,Billionbrains,,34.86,61735.97,,,,,,60.76,
16.,JSW Infrast,289.70,38.38,60837.05,0.28,368.81,-2.76,1265.59,26.39,13.92,
17.,HDB FINANC SER,731.55,28.20,60686.95,0.27,581.40,-1.62,4545.40,13.44,9.79,
18.,Knowledge Realty,117.60,163.99,52148.54,0.00,-0.91,,0.00,,13.17,
19.,Premier Energies,1041.80,39.52,47192.95,0.10,353.44,71.61,1836.87,20.28,41.12,
20.,Altius Telecom,150.00,55.48,45711.00,2.48,226.70,-6.63,6030.00,73.33,8.24,
21.,ITC Hotels,214.90,60.67,44757.83,0.00,133.29,74.31,839.48,7.91,9.63,
22.,Kaynes Tech,6658.50,117.87,44635.02,0.00,121.41,101.64,906.22,58.40,14.28,
23.,Indian Renewable,151.01,24.62,42422.20,0.00,549.00,41.59,2056.88,26.22,9.37,
24.,Anthem Bioscienc,702.25,78.11,39439.07,0.00,135.79,64.83,540.21,59.55,28.50,
25.,Delhivery,484.85,182.34,36250.00,0.00,91.05,53.05,2294.00,5.60,2.47,
26.,Global Health,1249.30,58.88,33579.98,0.04,158.98,49.60,1030.84,19.71,19.74,
27.,Go Digit General,360.25,65.47,33263.62,0.00,135.60,51.56,2488.04,11.35,10.80,
28.,Aegis Vopak Term,274.30,203.69,30392.21,0.00,47.72,85.10,164.01,6.48,7.01,
29.,Inventurus Knowl,1666.60,46.92,28609.38,0.00,180.72,59.93,781.09,21.52,27.20,
30.,Tata Technolog.,686.80,40.19,27864.29,1.22,165.50,5.14,1323.33,2.07,25.80,
31.,Piramal Pharma,200.42,308.66,26640.79,0.07,-81.70,-5.44,1933.71,-0.89,6.45,
32.,Nuvama Wealth,7148.00,25.09,25817.73,2.02,263.87,19.43,1122.65,18.24,20.40,
33.,Ather Energy,667.15,,25394.26,0.00,-178.20,2.57,644.60,78.81,-65.71,
34.,Pine Labs,,,25376.65,,,,,,-1.85,
35.,Emcure Pharma,1324.70,33.35,25111.66,0.23,214.79,45.28,2100.54,15.72,20.72,
36.,Nexus Select,163.33,51.03,24744.50,1.37,132.32,20.03,630.89,13.19,5.17,
37.,Sagility,51.56,30.21,24136.93,0.10,250.83,113.76,1658.50,25.17,9.58,
38.,Ola Electric,50.06,,22080.61,0.00,-428.00,-32.10,828.00,-49.64,-28.09,
39.,N S D L,1103.95,64.98,22079.00,0.18,89.63,15.16,312.03,-7.49,23.57,
40.,Aadhar Hsg. Fin.,509.20,23.24,22053.08,0.00,237.28,18.56,848.18,18.94,11.42,
41.,Jyoti CNC Auto.,940.20,63.54,21382.32,0.00,71.42,40.26,410.17,13.36,24.35,
42.,Urban Company,148.90,,21380.58,0.00,-52.39,-586.90,747.30,33.90,2.37,
43.,OneSource Speci.,1833.50,234.93,20998.20,0.00,-0.19,267.76,327.27,11.97,5.52,
44.,Netweb Technol.,3630.30,152.53,20567.05,0.07,31.43,20.05,303.72,20.98,32.45,
45.,Sai Life,923.10,79.39,19377.88,0.00,60.46,547.85,496.42,77.47,14.05,
46.,Five-Star Bus.Fi,649.20,17.29,19117.28,0.31,286.14,6.79,799.44,13.87,16.34,
47.,Allied Blenders,672.05,73.15,18797.92,0.54,62.92,35.22,990.06,14.11,21.08,
48.,KFin Technolog.,1069.40,53.28,18425.42,0.70,93.31,4.47,309.23,10.25,32.75,
49.,JSW Cement,134.98,,18402.70,0.00,-1366.41,331.06,1559.82,7.78,4.64,
50.,Bikaji Foods,730.65,90.48,18309.56,0.14,58.53,2.81,652.67,14.18,18.16,
51.,Brainbees Solut.,348.90,,18210.72,0.00,-66.51,12.68,1862.56,12.74,-0.40,
52.,Cube Highways,135.00,585.51,18144.94,4.52,40.22,234.52,1051.62,28.30,3.91,
53.,Travel Food,1316.30,43.46,17332.97,0.00,94.96,65.59,375.05,-8.49,41.69,
54.,TBO Tek,1589.00,77.60,17254.60,0.00,67.55,12.41,567.51,25.92,26.68,
55.,Ventive Hospital,737.90,140.49,17233.04,0.00,37.92,1.93,507.45,341.68,11.73,
56.,A B Lifestyle,137.13,153.99,16736.77,0.00,23.44,-40.75,2037.90,3.71,,
57.,ACME Solar Hold.,273.80,32.74,16567.30,0.07,115.06,631.63,467.75,80.19,8.42,
58.,Afcons Infrastr.,444.95,30.72,16364.58,0.56,137.40,50.02,3370.38,6.85,19.59,
59.,Vertis Infra.,108.00,33.00,16307.83,0.00,129.72,32.23,841.54,60.68,9.51,
60.,Dr Agarwal's Hea,515.10,140.34,16285.96,0.00,36.49,79.07,498.69,19.71,9.99,
61.,R R Kabel,1421.80,39.83,16078.81,0.42,116.26,134.73,2163.77,19.54,19.77,
62.,Aditya Infotech,1322.10,96.37,15497.91,0.00,32.88,46.07,740.04,16.35,19.49,
63.,RRPSemiconductor,11326.85,2374.11,15431.70,0.00,-0.29,-117.26,0.00,-100.00,80.21,
64.,Doms Industries,2533.40,73.99,15374.59,0.12,59.10,10.49,562.28,26.35,26.18,
65.,Concord Biotech,1454.90,42.74,15220.61,0.74,44.06,-26.06,203.99,-5.47,28.25,
66.,SignatureGlobal,1077.80,117.63,15144.24,0.00,34.44,408.42,865.67,116.09,5.42,
67.,Syrma SGS Tech.,784.20,74.77,15093.04,0.19,49.92,157.72,943.98,-18.62,11.67,
68.,Leela Palaces Hotels,440.25,84.53,14702.50,0.00,74.73,246.02,310.65,12.09,11.98,
69.,International Ge,335.15,29.52,14483.83,0.75,126.53,62.55,300.91,15.74,68.01,
70.,Rainbow Child.,1390.50,54.86,14121.80,0.22,53.81,35.34,352.93,6.88,18.69,
71.,Niva Bupa Health,76.40,152.29,14103.43,0.00,-35.27,-370.89,1574.03,19.13,7.45,
72.,Cello World,636.90,42.73,14068.17,0.24,80.65,-11.58,529.01,5.66,23.72,
73.,Paradeep Phosph.,168.11,17.11,13723.59,0.59,255.85,4655.58,3754.06,57.90,13.72,
74.,NMDC Steel,44.97,,13178.93,0.00,-114.78,80.72,3389.90,122.68,-12.97,
75.,Jain Resource,377.25,51.38,13018.36,0.00,98.64,80.53,2054.91,52.96,27.20,
76.,Indegene,539.05,29.04,12944.73,0.37,102.10,11.34,804.20,17.09,24.80,
77.,Belrise Industri,145.27,32.68,12927.28,0.38,111.68,56.06,2262.21,27.02,14.30,
78.,SBFC Finance,117.52,32.73,12847.26,0.00,109.14,29.96,410.78,30.87,11.55,
79.,Blackbuck,653.85,32.68,11833.50,0.00,33.70,395.59,143.65,55.84,10.54,
80.,Vikram Solar,322.00,44.63,11647.29,0.00,128.49,1645.79,1109.91,93.72,26.45,
81.,Le Travenues,260.95,236.66,11395.00,0.00,-3.47,-125.44,282.74,36.94,12.62,
82.,Canara HSBC,118.46,93.24,11253.70,0.00,40.81,10.69,2347.94,-29.35,8.73,
83.,Sanofi Consumer,4884.40,56.85,11249.08,1.13,60.70,22.99,220.90,28.21,111.44,
84.,Inox India,1214.10,48.10,11019.60,0.16,61.12,16.11,339.62,14.58,37.98,
85.,Bluestone Jewel,711.95,,10773.25,0.00,-34.75,41.71,492.68,41.48,,
86.,Rubicon Research,652.65,80.03,10752.43,0.00,,,,,28.57,
87.,Azad Engineering,1656.40,94.41,10697.32,0.00,33.00,56.62,142.67,28.06,12.23,
88.,Prudent Corp.,2562.80,51.70,10611.70,0.10,53.54,3.92,319.79,11.78,44.06,
89.,Blue Jet Health,606.65,29.86,10523.28,0.20,52.14,-10.64,165.48,-20.54,39.75,
90.,Jupiter Life Lin,1553.90,52.90,10188.30,0.06,43.88,-1.42,347.63,20.46,17.95,
91.,Aether Industri.,757.40,58.89,10042.38,0.00,40.14,29.47,214.33,19.06,9.92,
92.,Orkla India,,38.76,10000.21,,,,,,13.55,
93.,Inox Green,270.05,256.71,9911.29,0.00,22.39,2487.35,56.20,10.50,2.60,
94.,Jeena Sikho,782.60,78.82,9727.78,0.14,51.31,217.91,174.29,74.22,50.24,
95.,INDIA SHELTE FIN,886.60,21.60,9611.40,0.56,121.83,35.56,368.91,30.69,12.61,
96.,Happy Forgings,1013.20,35.47,9554.91,0.30,65.69,2.87,353.80,3.61,19.17,
97.,Transrail Light,710.25,25.04,9535.53,0.11,105.82,104.52,1659.84,81.25,35.22,
98.,ASK Automotive,479.05,35.06,9444.12,0.31,79.80,18.61,1053.70,8.20,27.58,
99.,Honasa Consumer,280.90,128.42,9139.64,0.00,39.90,1.60,583.63,7.37,7.44,
100.,P N Gadgil Jewe.,665.70,35.81,9034.10,0.00,69.34,96.32,1714.56,2.78,19.41,
101.,Sri Lotus,177.82,40.81,8690.49,0.00,25.79,-36.09,61.32,-49.19,37.06,
102.,Wework India,632.15,48.03,8472.28,0.00,,,,,137.07,
103.,Campus Activewe.,276.00,71.45,8431.03,0.36,22.20,-12.53,343.27,1.21,20.10,
104.,Oswal Pumps,708.45,26.49,8074.73,0.00,94.68,34.20,513.95,36.83,77.91,
105.,Archean Chemical,649.70,42.07,8019.10,0.46,40.14,-10.41,292.36,37.46,12.81,
106.,Yatharth Hospit.,821.65,55.67,7916.96,0.00,42.04,38.38,257.77,21.72,13.99,
107.,Ethos Ltd,2956.20,85.51,7910.11,0.00,19.02,-16.58,346.32,26.74,13.75,
108.,T N Merc. Bank,495.30,6.46,7843.15,2.22,317.51,4.73,1413.39,5.68,7.49,
109.,Kalpat.,376.85,360.82,7759.87,0.00,-51.84,-7062.32,443.20,-16.45,1.06,
110.,Max Estates,477.00,138.62,7736.37,0.00,7.82,238.14,48.77,21.38,2.54,
111.,Atlanta Electric,1003.05,61.74,7713.12,0.00,31.14,25.26,315.11,5.06,50.20,
112.,Avalon Tech,1150.30,95.97,7674.10,0.00,14.21,715.15,323.31,62.08,12.76,
113.,Aarti Pharma,844.60,28.73,7656.07,0.59,49.50,-10.73,386.19,-30.48,17.44,
114.,Redtape,136.98,42.49,7572.36,0.55,38.60,25.98,464.31,5.07,21.67,
115.,Quality Power El,964.20,106.40,7467.16,0.10,37.06,-22.48,176.72,187.72,26.60,
116.,Akums Drugs,471.10,22.50,7414.83,0.00,64.69,5.50,1024.03,0.48,16.20,
117.,Keystone Realtor,566.75,44.52,7152.37,0.26,16.33,-43.80,273.12,-35.30,9.33,
118.,Raymond Lifestyl,1173.10,90.18,7146.95,0.00,75.19,-13.60,1832.40,7.27,2.87,
119.,Smartworks Cowor,606.65,,6931.24,0.00,-4.20,81.76,379.21,20.99,6.97,
120.,Ajax Engineering,598.10,27.82,6842.67,0.00,52.88,-21.06,466.52,-0.53,33.58,
121.,Saatvik Green,528.20,21.44,6713.69,0.00,118.82,458.89,915.73,272.28,52.33,
122.,Canara Robeco,317.20,33.40,6325.52,0.00,48.71,-2.68,107.65,3.03,47.72,
123.,Seshaasai Tech.,372.40,27.45,6025.65,0.00,36.84,-9.01,310.87,-13.77,36.69,
124.,Oriana Power Ltd,2952.65,37.84,5999.53,0.00,109.97,126.35,627.62,96.86,42.31,
125.,Juniper Hotels,269.25,77.54,5990.88,0.00,9.00,51.16,220.74,10.54,6.31,
126.,TVS Supply,129.57,50.87,5716.37,0.00,71.16,1940.88,2592.31,2.08,4.83,
127.,Electronics Mart,146.51,51.49,5636.95,0.00,21.62,-65.25,1739.39,-9.72,10.35,
128.,Crizac,313.55,30.39,5486.58,0.00,48.34,138.72,162.25,24.92,47.87,
129.,Senco Gold,334.15,25.38,5470.65,0.30,103.52,94.08,1824.57,28.95,10.39,
130.,Indus Inf. Trust,120.99,10.91,5359.11,2.69,120.55,8.53,186.40,46.60,9.32,
131.,Fedbank Financi.,143.09,21.79,5351.80,0.00,80.15,24.17,535.38,4.37,9.82,
132.,eMudhra,638.80,55.67,5290.01,0.20,26.44,15.28,172.88,22.42,15.32,
133.,Kothari Indl,492.75,,5267.04,0.00,-1.92,-811.11,39.20,191.45,-13.67,
134.,Jana Small Finan,486.95,12.47,5125.50,0.00,74.99,-22.47,1304.78,11.90,8.15,
135.,Unimech Aero.,996.60,61.86,5068.40,0.00,19.12,-7.32,62.99,6.38,22.22,
136.,KRN Heat Exchan,792.30,83.41,4924.67,0.00,18.02,46.39,152.07,66.93,20.75,
137.,Zaggle Prepaid,362.50,50.36,4866.71,0.00,25.88,54.78,331.49,31.43,12.99,
138.,Bondada Engineer,435.45,29.23,4859.34,0.02,92.56,147.65,1216.67,153.16,39.50,
139.,NDR INVIT Trust,122.00,35.94,4831.35,5.84,37.93,-2.57,101.56,35.09,4.74,
140.,Bansal Wire Inds,308.00,31.64,4821.92,0.00,38.32,-3.43,1055.40,27.86,16.44,
141.,Innova Captab,826.40,36.44,4729.07,0.00,31.02,5.22,351.54,19.46,14.63,
142.,Pace Digitek,218.85,17.03,4723.91,0.00,54.70,20.41,367.08,7.28,41.31,
143.,Entero Healthcar,1080.00,45.82,4698.96,0.00,30.23,38.45,1403.82,27.96,8.71,
144.,Indiqube Spaces,212.64,,4465.68,0.00,-36.76,12.56,309.29,27.66,4.76,
145.,Northern ARC,275.00,15.53,4443.08,0.00,90.98,-6.10,627.45,7.21,9.87,
146.,Enviro Infra,251.70,21.36,4418.09,0.00,49.50,44.54,227.35,6.73,31.68,
147.,Samhi Hotels,198.99,32.01,4401.78,0.00,99.79,109.95,292.97,11.77,9.43,
148.,Shreeji Ship. Gl,270.05,32.51,4399.61,0.00,42.70,32.19,162.19,11.30,33.65,
149.,NIIT Learning,320.40,19.34,4393.19,0.94,49.30,-13.93,451.35,10.83,28.18,
150.,Gopal Snacks,349.90,98.41,4360.54,0.29,2.52,-90.04,322.17,-9.07,16.31,
151.,Ceigall India,249.10,16.20,4339.44,0.00,51.34,-33.02,838.18,1.92,19.38,
152.,GK Energy,213.85,28.30,4337.25,0.00,36.94,118.32,295.27,94.51,74.29,
153.,AWFIS Space,594.50,85.08,4251.21,0.00,9.98,257.71,334.70,29.86,12.90,
154.,Medi Assist Ser.,556.65,43.83,4138.87,0.00,22.63,18.21,190.56,13.62,18.72,
155.,Raymond Realty,614.75,56.61,4092.62,0.00,60.18,1123.17,696.50,207.93,16.38,
156.,Midwest,1117.20,38.81,4039.89,0.00,,,,,21.72,
157.,Sanathan Textile,477.50,26.72,4030.29,0.00,40.43,-19.25,745.34,-4.58,10.39,
158.,Insolation Ener,181.40,31.63,3997.02,0.06,64.92,60.56,721.73,57.32,34.73,
159.,GNG Electronics,346.65,50.39,3952.21,0.00,32.66,41.63,439.92,24.75,19.84,
160.,Interarch Build.,2182.70,31.58,3660.79,0.57,28.38,39.94,380.77,25.49,24.81,
161.,Jubilant Agri,2399.40,29.37,3634.92,0.00,42.28,69.26,512.95,26.01,33.22,
162.,TruAlt Bioenergy,422.30,20.95,3621.33,0.00,4.73,121.99,303.89,53.95,14.18,
163.,Harsha Engg Intl,397.35,33.10,3617.64,0.25,37.93,5.21,365.29,6.45,12.14,
164.,Cyient DLM,454.30,44.16,3605.52,0.00,32.15,108.09,310.63,-20.24,10.99,
165.,Standard Glass,178.16,50.45,3554.14,0.00,21.13,41.30,173.07,22.03,16.48,
166.,Utkarsh Small F.,19.92,,3544.81,0.00,-239.48,-274.29,880.91,-8.80,7.17,
167.,Senores Pharma.,766.75,52.27,3531.16,0.00,21.18,83.88,137.99,71.65,11.40,
168.,Protean eGov,866.80,36.97,3519.96,1.15,23.85,13.09,210.84,7.28,11.72,
169.,Sambhv Steel,117.36,51.90,3458.26,0.00,33.40,34.89,558.63,68.88,13.92,
170.,Sundaram Clayton,1565.50,,3451.33,0.30,-57.76,-3.42,511.64,-11.85,-2.39,
171.,String Metaverse,291.55,71.00,3394.58,0.00,18.30,236.43,198.86,297.56,26.00,
172.,Anand Rathi Shar,537.30,33.92,3370.23,0.00,28.59,-13.68,227.08,-1.29,21.26,
173.,Flair Writing,314.20,29.16,3311.52,0.32,27.13,5.69,242.22,9.21,15.62,
174.,Euro Pratik Sale,321.75,42.73,3288.29,0.00,9.30,1.55,64.53,33.22,49.53,
175.,Epack Durable,333.65,78.56,3210.66,0.00,-22.25,-162.07,213.26,-43.45,9.70,
176.,Arkade,170.48,20.05,3165.19,0.59,45.81,5.58,263.65,30.75,30.30,
177.,Apeejay Surrend.,148.23,31.85,3162.85,0.34,13.42,828.93,154.25,14.20,11.98,
178.,Brigade Hotel,82.39,130.67,3129.52,0.00,10.60,69.53,125.72,16.42,14.13,
179.,Alpex Solar,1274.75,20.29,3119.75,0.00,52.67,123.32,522.92,177.56,50.48,
180.,DDev Plastiks,296.85,15.74,3071.70,0.59,52.15,22.85,769.22,22.99,33.92,
181.,EPack PrefabTech,301.45,40.70,3028.13,0.00,29.47,104.23,433.94,61.89,23.71,
182.,KP Green Engg.,601.95,40.66,3009.75,0.07,46.01,93.51,432.28,76.35,30.04,
183.,Prabha Energy,216.76,,2967.56,0.00,-0.18,-66.67,1.77,82.47,-0.35,
184.,Carraro India,518.75,33.77,2949.17,0.88,28.51,4.17,489.18,4.07,21.84,
185.,Muthoot Microfin,168.24,,2868.36,0.00,6.18,-94.54,558.62,-15.80,5.80,
186.,EMS,502.80,15.12,2792.09,0.30,38.06,2.05,238.89,15.81,26.91,
187.,Roadstar Infra,60.00,469.08,2732.86,14.83,-121.58,-806.61,303.18,66.50,4.83,
188.,Sai Silks,176.52,20.88,2707.22,0.57,40.08,68.62,444.33,27.93,12.37,
189.,Solarworld Ene.,309.10,30.72,2679.05,0.00,12.91,387.17,68.24,202.35,40.36,
190.,Rajesh Power,1470.95,30.60,2648.80,0.07,59.61,,759.01,,54.71,
191.,Venus Pipes,1270.10,29.20,2631.15,0.08,24.76,-10.16,276.41,15.10,24.95,
192.,M & B Engineer.,450.20,29.28,2572.81,0.00,17.95,158.65,237.65,69.48,26.06,
193.,Landmark Cars,620.15,139.47,2568.97,0.08,7.37,103.16,1061.72,27.61,7.99,
194.,Vikran Engg.,98.05,31.96,2528.82,0.00,5.65,31.70,159.16,16.98,27.15,
195.,Baazar Style,333.00,145.22,2484.76,0.00,2.07,-80.91,377.83,37.04,8.94,
196.,DCX Systems,221.99,61.83,2472.67,0.00,4.06,38.10,222.16,60.89,5.10,
197.,Fusion Finance,178.54,,2420.37,0.00,-22.14,92.74,400.82,-42.04,-2.96,
198.,Aeroflex,182.82,49.42,2364.24,0.16,14.23,4.17,110.87,16.72,22.34,
199.,Rossell Techsys,626.15,154.78,2360.36,0.03,3.30,182.50,87.22,94.25,8.18,
200.,Shipping Land,49.98,,2328.06,1.10,4.19,-67.42,6.13,53.63,2.09,
201.,Studds Accessor.,,33.01,2302.17,,33.24,,285.31,,22.59,
202.,Digitide Solutio,154.39,69.21,2299.63,0.00,2.91,,764.19,,,
203.,Anantam Highways,105.27,5.58,2289.62,0.00,,,,,18.96,
204.,Uniparts India,507.25,23.46,2289.41,2.81,34.46,38.45,273.65,4.77,12.35,
205.,Anzen IYEP Trust,116.50,,2285.66,2.48,9.55,554.76,110.46,76.37,1.88,
206.,Yatra Online,144.04,46.57,2260.22,0.00,16.00,296.04,209.81,108.12,5.34,
207.,Shringar House,229.31,30.46,2211.28,0.00,28.51,67.71,332.61,22.70,31.55,
208.,Rashi Peripheral,335.20,10.41,2208.96,0.60,61.70,11.07,3152.14,-26.13,14.19,
209.,Veranda Learning,229.31,,2195.22,0.00,95.64,154.52,126.74,19.72,-12.96,
210.,Bajel Projects,185.41,161.72,2144.43,0.00,3.32,-39.86,607.64,18.68,12.86,
211.,Sula Vineyards,253.75,37.25,2142.41,1.42,1.94,-86.74,109.64,-9.34,13.25,
212.,Capital Infra,77.14,,2124.44,4.67,-73.72,,188.70,,,
213.,Kesar India,850.05,113.16,2108.09,0.00,2.87,-33.72,56.82,76.62,40.17,
214.,Garuda Cons,224.88,24.31,2092.32,0.01,27.14,164.78,116.46,149.11,30.09,
215.,Afcom Holdings,833.50,28.29,2071.89,0.00,27.07,4266.13,118.89,198.27,36.05,
216.,Ideaforge Tech,475.80,,2057.82,0.00,-19.62,-42.90,40.76,9.87,-9.69,
217.,All Time Plastic,308.75,42.17,2022.55,0.00,12.82,5.17,157.98,21.47,19.23,
218.,TCC Concept,559.60,43.31,1996.23,0.00,9.42,73.48,22.11,87.21,11.83,
219.,One Mobikwik,252.45,,1985.73,0.00,-26.98,-420.62,268.30,-7.34,-13.13,
220.,Concord Control,1958.20,87.49,1981.75,0.00,13.99,111.47,74.71,113.03,36.78,
221.,Stallion India,247.65,43.81,1964.49,0.00,11.42,1243.53,105.56,56.25,19.67,
222.,Orient Tech.,470.85,38.30,1960.70,0.38,10.03,8.08,212.56,42.80,26.52,
223.,Exicom Tele-Sys.,136.86,,1903.45,0.00,-83.14,-489.97,205.32,-18.55,-5.94,
224.,Divgi Torq,617.50,69.02,1888.50,0.42,8.93,49.83,71.68,32.18,5.69,
225.,Rhetan TMT Ltd,23.32,379.25,1858.31,0.00,0.76,-6.17,5.04,-73.95,4.47,
226.,Amic Forging,1597.25,90.05,1855.02,0.00,12.83,90.92,57.65,-22.75,27.89,
227.,BLS E-Services,202.32,33.26,1838.21,0.49,17.52,22.44,243.99,223.81,15.83,
228.,TAC Infosec,869.90,93.21,1823.24,0.00,15.57,78.87,29.49,137.82,43.69,
229.,Aimtron,875.95,51.47,1788.15,0.00,20.29,81.48,122.58,112.48,29.16,
230.,Dam Capital Advi,252.41,21.78,1784.19,0.40,0.23,-98.96,30.85,-30.58,64.08,
231.,Shanti Gold,241.57,31.18,1741.62,0.00,43.82,,430.08,,26.19,
232.,Laxmi Dental,316.60,75.26,1740.10,0.00,8.33,-27.83,65.60,9.94,19.20,
233.,Danish Power,881.30,29.75,1735.42,0.00,37.61,,261.58,,40.21,
234.,Sanstar,95.02,64.23,1731.68,0.00,-0.33,-102.00,168.85,-44.21,11.76,
235.,DEE Development,246.30,34.58,1702.63,0.00,17.79,-19.77,270.00,39.16,9.39,
236.,Khazanchi Jewell,685.55,33.36,1696.52,0.15,15.15,64.67,403.75,5.95,24.07,
237.,Suraksha Diagno.,324.05,50.71,1687.68,0.00,9.18,18.39,72.59,19.53,17.84,
238.,J.G.Chemicals,428.45,25.99,1678.93,0.23,16.36,3.75,218.01,7.64,20.00,
239.,Motisons Jewel,16.60,36.42,1634.20,0.00,8.03,26.86,87.05,-1.87,14.51,
240.,JNK,287.75,64.95,1610.07,0.10,1.17,-82.06,98.89,12.49,14.93,
241.,IKIO Tech,208.20,77.92,1608.98,0.00,2.38,-82.89,120.14,-5.43,8.22,
242.,HMA Agro Inds.,31.23,18.13,1563.90,0.96,0.60,-39.10,1122.61,57.53,11.81,
243.,Stanley Lifesty.,272.45,46.88,1556.39,0.00,7.80,107.89,108.70,7.94,10.13,
244.,Updater Services,231.08,12.68,1547.16,0.00,28.99,12.74,700.24,7.37,15.32,
245.,Platinum Industr,275.50,33.62,1513.18,0.00,13.08,-27.40,115.38,12.39,18.55,
246.,Ivalue Infosolut,281.45,18.05,1506.88,0.00,10.17,4.85,214.57,12.94,25.77,
247.,Virtuoso Optoel.,495.85,106.57,1505.79,0.00,6.58,,201.89,,12.64,
248.,Rishabh Instrum.,390.95,38.95,1503.96,0.00,19.63,441.21,190.33,12.39,5.43,
249.,CFF Fluid,693.75,61.01,1455.08,0.14,9.80,40.20,65.53,38.22,22.13,
250.,Vinyas Innovativ,1151.15,74.60,1448.69,0.00,12.41,27.94,247.14,37.34,16.28,
251.,ESAF Small Fin,27.86,,1436.32,0.00,-81.22,-229.39,828.23,-18.99,4.28,
252.,Unicommerce,127.79,78.84,1423.10,0.00,3.89,10.54,44.93,63.56,31.37,
253.,Yash Highvoltage,493.45,48.51,1408.86,0.20,14.02,119.41,100.14,75.53,,
254.,Diffusion Eng,372.85,34.19,1395.44,0.40,12.26,68.37,80.67,13.49,14.73,
255.,Suraj Estate,289.30,14.92,1382.08,0.00,33.10,3.99,144.56,32.51,17.27,
256.,Hariom Pipe,445.50,20.34,1379.59,0.14,23.61,34.84,460.96,34.32,14.11,
257.,Jaro Institute,621.50,28.35,1377.01,0.00,17.02,-15.37,80.41,8.24,39.89,
258.,Godavari Bioref.,267.75,,1370.24,0.00,-16.02,38.64,533.24,2.05,5.79,
259.,Western Carriers,132.90,23.76,1354.98,0.00,10.79,-42.91,415.82,-1.63,13.16,
260.,SRM Contractors,586.45,22.91,1345.56,0.00,13.06,179.06,143.09,163.91,31.05,
261.,Quadrant Future,335.95,,1343.80,0.00,-13.50,-45.79,28.73,12.62,-7.01,
262.,Arisinfra Solu.,165.40,887.77,1340.54,0.00,5.12,-20.52,212.08,11.39,12.26,
263.,Gandhar Oil Ref.,133.53,17.33,1306.99,0.37,26.09,-14.92,902.96,-9.23,10.59,
264.,Sathlokhar Sys.,538.55,30.39,1299.95,0.00,26.32,18.29,257.49,28.38,53.42,
265.,STL Networks,26.59,,1297.38,0.00,-22.42,-2364.65,189.95,-46.46,,
266.,IRM Energy,311.00,31.59,1276.96,0.48,13.92,-25.56,262.50,16.49,8.26,
267.,Mangal Electrica,461.15,27.95,1274.16,0.00,3.73,-31.56,89.66,-21.57,30.43,
268.,Signpost India,234.26,33.11,1252.12,0.21,15.28,36.31,137.65,37.01,15.41,
269.,Capital Small,273.20,9.15,1237.22,1.46,34.89,4.65,256.46,14.70,7.04,
270.,Ecos (India),204.93,21.27,1229.58,1.17,13.26,0.08,177.64,23.31,34.46,
271.,OSEL Devices,691.35,61.01,1223.32,0.00,12.04,55.76,99.12,21.55,31.14,
272.,GPT Healthcare,148.60,25.59,1219.33,1.68,7.68,-22.89,107.11,9.50,27.23,
273.,Borosil Scienti.,134.67,49.88,1197.85,0.00,-4.21,-55.30,95.98,-7.89,10.31,
274.,Indef Manufactur,371.15,34.56,1187.68,0.54,5.86,2.27,38.13,-0.03,17.66,
275.,Krishna Defence,785.25,53.47,1171.52,0.13,11.32,58.10,100.82,41.60,24.31,
276.,Kross Ltd,180.81,22.84,1166.39,0.00,10.70,39.69,139.36,-4.80,21.72,
277.,Monolithisch Ind,535.75,66.24,1164.51,0.00,8.82,57.22,57.28,39.71,61.16,
278.,Bluspring Enter.,78.15,,1164.04,0.00,-7.15,,797.23,,4.32,
279.,C2C Advanced,691.05,39.87,1149.99,0.00,19.11,,71.89,,26.17,
280.,Gem Aromatics,219.52,21.76,1146.71,0.00,7.98,-7.10,87.63,-5.44,19.43,
281.,Le Merite Export,466.80,195.52,1137.12,0.00,3.70,1638.89,217.86,-4.71,8.64,
282.,Vishnu Prakash R,91.04,22.32,1134.76,0.00,7.01,-52.51,276.41,7.74,11.41,
283.,PNGS Gargi FJ,1064.50,38.65,1114.56,0.00,10.27,101.77,46.45,102.40,57.93,
284.,Mamata Machinery,451.90,25.75,1112.03,0.11,2.65,1104.55,38.66,39.97,34.92,
285.,Ganesh Consumer,274.40,35.17,1108.93,0.00,9.53,-29.04,202.96,7.13,18.97,
286.,Popular Vehicles,155.24,,1105.28,0.00,-8.76,-260.73,1310.90,1.51,4.85,
287.,Indo Farm Equip.,228.72,41.44,1099.04,0.00,5.43,121.63,96.26,28.42,7.74,
288.,Anondita Medi.,600.20,68.71,1085.56,0.00,,,,,,
289.,Fabtech Tech.,237.72,18.90,1056.68,0.00,28.11,449.02,121.48,106.81,22.25,
290.,Denta Water,393.80,18.04,1051.45,0.63,18.55,41.06,67.28,35.95,25.17,
291.,Vasa Denticity,605.00,63.38,1048.88,0.00,2.87,-16.08,60.02,12.10,23.17,
292.,Elin Electronics,209.79,31.77,1041.80,0.00,9.39,58.61,295.48,0.65,6.97,
293.,Cosmic CRF,1133.05,42.49,1041.01,0.00,12.32,,232.25,,,
294.,Sahana Systems,1177.15,29.33,1040.26,0.08,25.05,159.09,114.81,155.82,42.14,
295.,Vilas Transcore,420.60,30.40,1029.63,0.00,19.84,69.83,190.62,26.66,21.91,
296.,Ganesh Green,412.80,33.88,1023.79,0.00,17.17,30.72,180.18,61.68,25.22,
297.,Abans Financial,201.26,9.30,1019.37,0.00,32.69,34.73,1893.81,539.56,9.71,
298.,Manoj Vaibhav,202.57,9.97,989.50,0.00,20.59,-5.42,548.94,1.83,15.79,
299.,Concord Enviro,475.95,15.32,985.04,0.00,4.12,299.22,102.39,-0.33,15.04,
300.,Basilic Fly Stud,388.15,24.31,980.66,0.00,33.28,62.84,228.07,346.67,31.23,
301.,Viviana Power,1546.65,44.61,978.72,0.00,3.27,626.67,31.68,409.32,42.88,
302.,Prostarm Info,164.16,31.67,966.49,0.00,1.56,,50.98,,29.95,
303.,Gala Precis. Eng,757.30,35.38,965.58,0.00,6.53,3.94,63.08,18.64,17.07,
304.,Scoda Tubes,160.85,28.32,963.63,0.00,7.08,47.81,97.42,6.06,20.35,
305.,Forbes Precision,185.65,33.41,957.85,2.69,8.30,12.93,63.27,9.96,24.96,
306.,Remus Pharma.,812.50,33.07,957.45,0.12,20.57,15.89,347.75,88.07,19.64,
307.,Ganesh Infra.,224.10,21.45,957.39,0.00,14.61,45.52,180.66,33.47,37.90,
308.,Australian Prem,475.65,17.63,955.58,0.00,28.13,114.41,300.77,83.88,70.83,
309.,RNFI Services,382.25,52.67,953.82,0.00,11.33,103.95,458.67,12.31,29.45,
310.,Emkay Tools,880.00,21.11,939.07,0.28,,,,,,
311.,Unified Data,464.00,31.60,932.18,0.00,12.10,,114.41,,47.86,
312.,FlySBS Aviation,532.40,32.42,921.25,0.00,,,,,34.65,
313.,Regaal Resources,89.13,19.25,915.57,0.00,9.07,-1.20,246.57,26.52,16.15,
314.,Kody Technolab,712.65,51.56,908.45,0.00,,,,,,
315.,Safe Enterprises,194.55,23.14,906.69,0.00,,,,,96.45,
316.,Owais Metal,493.10,18.00,896.57,0.00,22.30,190.55,108.28,117.21,59.47,
317.,Veefin Solutions,366.60,67.96,894.26,0.00,12.13,53.58,59.51,273.81,6.81,
318.,Airfloa Rail,368.65,34.65,883.65,0.00,,,,,31.89,
319.,Dharmaj Crop,257.60,16.58,870.62,0.00,32.59,116.26,367.38,43.91,12.00,
320.,BEML Land Assets,207.59,,864.50,0.00,-0.53,31.17,0.00,,-100.00,
321.,Bright Outdoor,395.10,45.19,862.23,0.13,9.93,-16.13,69.53,6.25,15.71,
322.,Sar Televenture,180.00,18.15,847.94,0.00,15.67,112.04,123.75,138.99,9.28,
323.,Allcargo Termi,33.59,26.66,846.67,0.00,11.30,-3.44,207.16,6.29,11.59,
324.,Advance Agrolife,130.05,32.61,836.04,0.00,,,,,28.00,
325.,Nisus Finance,349.45,20.82,834.42,0.00,16.86,94.46,28.40,109.13,39.74,
326.,Krystal Integrat,588.45,13.72,822.18,0.25,15.01,-1.90,284.72,17.05,16.82,
327.,Shree Refrigerat,229.85,59.52,818.96,0.00,,,,,17.83,
328.,Z-Tech (India),569.40,40.51,815.96,0.00,9.08,236.30,34.99,58.04,28.25,
329.,Karnika Industri,164.40,48.74,815.39,0.01,7.68,37.39,75.41,19.83,22.82,
330.,Chandan Healthca,332.90,36.72,814.01,0.00,12.23,36.29,119.66,30.31,28.85,
331.,M.V.K. Agro,525.45,86.31,813.92,0.00,5.65,28.41,93.43,14.91,9.90,
332.,OBSC Perfection,323.95,47.35,792.14,0.00,9.49,51.11,75.15,27.09,23.41,
333.,Zelio E-Mobility,371.30,49.05,785.30,0.00,,,,,51.78,
334.,Ratnaveer Precis,147.83,14.97,784.23,0.00,15.43,25.65,285.87,24.30,14.30,
335.,GHCL Textiles,81.06,14.59,774.82,0.62,16.01,-22.28,338.04,10.97,4.53,
336.,Trident Techlabs,442.30,66.52,764.34,0.23,8.04,-35.47,55.50,-13.61,26.67,
337.,Laxmi India Fin.,145.62,19.45,761.12,0.00,9.78,47.51,69.68,37.06,13.71,
338.,Tolins Tyres,192.35,19.45,759.95,0.00,9.30,4.38,89.74,17.61,21.30,
339.,Mukka Proteins,24.95,17.23,748.50,0.00,1.59,-64.07,170.77,-1.00,11.59,
340.,Divine Power,299.75,81.61,748.33,0.00,4.65,10.19,197.65,65.47,14.57,
341.,TransIndia Real,30.41,23.62,747.16,1.64,7.45,116.28,20.96,12.21,2.46,
342.,Anlon Healthcare,139.27,36.07,740.24,0.00,4.54,,37.83,,24.83,
343.,Macfos,784.95,41.57,739.17,0.00,5.11,-18.63,68.45,-23.83,41.78,
344.,Credo Brands,112.31,10.61,734.17,2.67,13.83,95.62,153.21,15.13,19.07,
345.,Patel Retail,219.31,28.12,732.51,0.00,6.92,13.07,182.45,2.86,17.33,
346.,Cellecor Gadgets,32.65,23.32,720.51,0.00,16.28,79.49,600.23,106.41,24.21,
347.,Tejas Cargo,299.50,37.43,715.59,0.00,10.39,,248.59,,15.59,
348.,Manba Finance,142.11,16.85,713.95,0.53,9.75,88.22,67.00,36.71,13.07,
349.,Exhicon Events,527.60,26.71,694.56,0.03,19.65,197.79,80.88,96.45,34.59,
350.,Sudarshan Pharma,28.65,34.91,689.49,0.00,3.87,-38.07,168.87,31.33,15.51,
351.,Deepak Builders,147.88,11.97,688.84,0.68,14.99,5.49,106.60,1.42,25.28,
352.,Accent Microcell,287.10,19.87,688.72,0.35,18.07,9.71,139.37,10.58,23.66,
353.,Dreamfolks Servi,127.42,9.76,678.76,0.00,21.27,23.79,348.95,8.77,33.70,
354.,Solarium Green,324.55,36.30,676.67,0.00,11.06,,148.08,,20.09,
355.,Glottis,72.74,11.75,672.14,0.00,11.94,10.97,168.16,12.61,89.96,
356.,Mangalam World.,221.18,18.60,656.92,0.09,10.53,52.39,317.11,33.39,14.45,
357.,R K Swamy,129.78,33.86,655.27,1.16,2.87,31.65,77.57,13.46,9.91,
358.,Indogulf Cropsci,102.88,19.20,650.45,0.00,3.87,656.86,189.37,43.32,14.78,
359.,Modi's Navnirman,331.70,32.92,649.84,0.00,12.00,164.32,83.39,127.72,12.88,
360.,Sahasra Electro.,256.55,233.16,641.19,0.00,-4.29,,49.55,,,
361.,RBZ Jewellers Lt,158.86,17.24,635.44,0.00,7.12,-21.59,75.58,-8.33,20.39,
362.,MOS Utility,24.60,56.76,633.30,0.00,7.75,32.29,308.25,199.13,19.20,
363.,TechD Cybersec.,843.15,75.08,630.65,0.00,,,,,81.46,
364.,Monika Alcobev,292.25,28.34,626.88,0.00,,,,,21.00,
365.,Utssav CZ Gold,259.75,13.87,618.67,0.00,29.42,198.07,475.41,67.09,21.80,
366.,Borana Weaves,229.42,14.24,611.30,0.00,12.20,21.27,81.00,30.18,41.21,
367.,GP Eco Solutions,512.85,59.19,606.74,0.00,5.32,,160.88,,26.46,
368.,BMW Ventures,69.25,18.30,600.50,0.00,,,,,13.64,
369.,Pyramid Technopl,160.72,21.88,591.21,0.31,7.91,4.49,163.81,22.59,14.03,
370.,Baheti Recycling,569.95,32.92,590.95,0.00,10.99,158.59,267.12,19.99,21.82,
371.,Vinsys IT Serv.,398.05,19.46,584.25,0.00,19.10,28.21,119.57,31.02,28.71,
372.,Career Point Edu,315.90,28.06,574.71,0.00,7.04,49.47,14.32,9.23,49.01,
373.,CLN Energy,540.00,45.12,569.88,0.00,8.29,,144.35,,31.30,
374.,OCCL,113.67,15.87,567.79,1.32,8.69,15.71,119.64,16.09,14.90,
375.,Tracxn Technolo.,52.67,,565.95,0.00,1.12,-11.81,21.20,3.21,7.90,
376.,Polysil Irrigati,251.45,,565.89,0.00,-3.24,-472.41,5.15,-84.89,1.24,
377.,Shri Ahimsa,242.00,25.51,564.59,0.00,12.25,,55.09,,24.38,
378.,Vision Infra,226.25,17.94,557.53,0.22,19.53,239.65,249.44,259.11,19.57,
379.,Radiant Cash,52.17,12.95,556.70,4.79,5.76,-32.35,100.09,0.18,26.23,
380.,Highway Infra,77.23,23.64,553.90,0.00,7.20,127.85,113.60,38.07,19.59,
381.,Bizotic Commer.,682.85,50.69,549.01,0.00,8.38,520.74,73.78,39.58,11.36,
382.,All E Tech,271.55,18.49,548.37,0.55,6.32,2.43,34.07,2.84,29.60,
383.,Kronox Lab,147.62,21.40,547.73,0.34,6.28,2.11,24.29,-3.57,43.82,
384.,Effwa Infra,234.45,26.99,542.69,0.00,15.35,22.31,124.26,10.80,33.87,
385.,ABS Marine,219.85,19.95,539.73,0.00,19.16,,99.80,,14.20,
386.,Annapurna Swadi.,244.45,22.93,533.39,0.00,15.41,23.68,249.50,22.45,12.84,
387.,Purple United,553.40,50.79,531.81,0.00,7.18,,72.63,,26.21,
388.,Sunita Tools Ltd,843.05,112.18,529.47,0.00,3.04,-10.85,15.26,-0.46,16.70,
389.,Aprameya Enginee,275.15,32.50,523.89,0.00,17.84,,126.43,,31.12,
390.,Dhampur Bio,78.52,,521.28,1.59,-22.00,-18433.33,525.52,12.53,3.97,
391.,Essen Speciality,208.95,50.93,519.01,0.48,1.78,-33.58,41.16,19.13,11.50,
392.,Global Surfaces,121.43,,514.64,0.00,-0.57,64.75,74.50,30.36,-1.97,
393.,Atmastco Ltd,205.60,25.62,508.55,0.00,5.49,-46.75,150.66,1.91,21.85,
394.,Supreme Power,202.85,25.80,506.95,0.00,4.45,30.88,38.23,50.22,27.50,
395.,Creative Graphic,206.85,24.19,502.36,0.00,11.62,226.40,138.03,65.27,25.73,
396.,Goel Construct.,343.70,12.90,496.63,0.00,,,,,38.70,
397.,Qualitek Labs,424.00,78.52,494.05,0.00,,,,,,
398.,Grand Continent,198.00,46.37,493.40,0.00,4.43,167.27,40.78,160.58,19.48,
399.,S J Logistics (I,322.50,8.80,493.20,0.00,14.26,32.90,125.76,24.87,36.55,
400.,True Colors,198.65,19.84,489.76,0.00,,,,,43.84,
401.,Banganga Paper,40.40,190.53,483.94,0.00,0.65,,21.16,,26.95,
402.,Systematic Inds.,216.50,23.54,483.47,0.00,9.28,36.47,253.68,54.04,20.60,
403.,Sunrise Efficie.,308.40,53.50,483.11,0.00,5.00,5.71,74.24,21.51,21.94,
404.,Sacheerome,214.10,29.99,479.00,0.00,,,,,38.62,
405.,Amanta Healthcar,122.52,32.95,475.74,0.00,3.51,1075.00,65.31,-4.10,14.80,
406.,Vraj Iron,144.21,13.16,475.64,0.00,7.59,-51.16,138.31,20.69,18.36,
407.,Megatherm Indu.,251.70,22.25,474.22,0.00,12.00,-8.61,172.56,8.27,21.13,
408.,Sahaj Solar,214.30,18.25,470.86,0.23,21.39,101.22,212.32,71.29,31.60,
409.,Adcounty Media.,209.00,32.08,470.28,0.00,4.10,28.53,17.05,5.12,62.93,
410.,PropshareTitania,1053000.00,52.38,469.85,0.00,3.72,,10.81,,11.48,
411.,Hi-Green Carbon,187.90,46.77,469.56,0.00,5.82,14.34,60.69,64.78,11.88,
412.,Neetu Yoshi,120.00,23.26,465.75,0.00,11.54,45.52,44.15,25.39,46.01,
413.,Techera Enginee.,279.70,145.31,462.09,0.00,4.33,-13.92,31.93,30.70,12.97,
414.,Jinkushal Indus.,118.60,21.61,455.26,0.00,4.45,167.88,72.82,4.19,23.38,
415.,Valiant Laborato,83.50,3488.54,453.51,0.00,1.82,456.86,46.82,147.99,-0.95,
416.,Interiors & More,640.00,37.40,447.71,0.16,7.81,44.10,40.95,53.72,21.67,
417.,Influx Health.,190.65,33.01,441.36,0.00,,,,,60.16,
418.,Petro Carbon,178.50,107.01,440.90,0.00,2.93,-64.61,260.40,47.58,4.98,
419.,Globe Civil,73.46,18.20,438.70,0.00,5.05,,67.35,,23.28,
420.,RBM Infracon,433.95,14.88,438.42,0.00,12.87,215.44,153.24,167.48,32.80,
421.,Nova Agritech,46.47,16.29,429.94,0.00,3.25,-24.07,46.75,11.55,16.39,
422.,Fabtech Techn.,348.00,32.43,428.71,0.57,8.02,55.58,88.10,52.82,21.16,
423.,E Factor Experie,324.95,21.95,425.30,0.37,19.92,36.16,153.41,20.50,37.96,
424.,Sealmatic India,468.50,26.62,423.99,0.23,9.46,190.18,57.04,67.76,21.99,
425.,Connplex Cinemas,220.70,22.77,421.54,0.00,9.61,,40.69,,163.38,
426.,Namo eWaste,183.00,49.35,418.48,0.00,3.06,-26.79,69.36,42.42,18.43,
427.,Chembond Chemic.,153.35,13.35,412.46,0.49,7.20,4.92,73.04,-2.65,26.47,
428.,Infinium Pharma,264.00,40.93,411.39,0.00,3.01,-26.52,72.73,-1.95,14.58,
429.,Suba Hotels,169.35,27.10,410.55,0.00,,,,,24.15,
430.,Phantom Digital,256.00,20.16,407.62,0.00,11.83,-13.78,63.67,31.93,17.61,
431.,RNIT AI Solution,54.46,55.95,407.32,0.00,0.82,9.33,6.25,36.17,15.77,
432.,Shiv Texchem,175.70,8.46,407.14,0.00,27.49,47.56,1170.99,26.96,14.46,
433.,Virtual Galaxy,163.55,12.66,406.73,0.00,12.98,,48.53,,44.99,
434.,Robust Hotels,234.44,21.19,405.39,0.00,4.03,196.32,33.24,11.73,5.12,
435.,DSM Fresh,181.65,44.73,404.85,0.00,,,,,24.53,
436.,Shree Karni,559.90,26.79,404.74,0.00,10.59,-19.24,90.17,18.54,14.23,
437.,Dev Accele.,44.53,51.23,401.61,0.00,0.14,102.18,55.63,123.32,11.90,
438.,Tierra Agrotech,61.11,,400.84,0.00,5.40,8.22,51.91,3.92,-16.22,
439.,Proventus Agro.,1148.45,70.82,395.84,0.00,2.53,-47.62,288.14,-1.80,6.76,
440.,AVP Infracon,158.10,11.93,394.92,0.00,20.34,84.57,176.56,100.98,26.24,
441.,Vishnusurya Pro.,160.00,13.44,393.75,0.62,7.46,53.81,131.50,0.44,23.96,
442.,Chaman Metallics,161.50,40.06,389.78,0.00,3.61,1.40,80.85,-16.50,4.37,
443.,Kalyani Cast-Tec,536.40,27.63,385.16,0.00,6.23,67.02,69.03,52.52,29.55,
444.,Infollion Resea.,396.00,28.17,384.00,0.00,7.18,20.88,51.09,45.18,31.18,
445.,VVIP Infratech,151.50,10.49,378.29,0.00,22.67,110.42,199.75,23.01,33.34,
446.,Patil Automation,173.35,33.89,378.26,0.00,,,,,24.47,
447.,Hemant Surgical,290.00,47.26,378.11,0.00,4.95,-15.82,57.66,-0.76,16.35,
448.,Aelea Commoditi.,185.00,61.88,376.82,0.00,8.70,55.91,173.69,97.96,7.56,
449.,Indiabulls Enter,18.99,,376.64,0.00,-5.73,-72.11,13.16,-11.56,-43.17,
450.,Freshara Agro,159.65,13.16,375.16,0.00,17.41,,146.98,,24.76,
451.,SKP Bearing,225.40,125.98,374.16,0.49,0.38,,22.12,,11.96,
452.,B-Right Real,362.00,168.48,373.99,0.00,4.34,-9.98,62.80,184.03,5.08,
453.,Wise Travel,156.25,16.21,372.06,0.00,13.04,9.76,304.95,38.17,16.19,
454.,Monarch Surve.,260.50,10.59,368.76,0.00,,,,,46.40,
455.,Pelatro,347.50,27.59,368.26,0.29,3.56,55.46,26.69,45.61,22.43,
456.,Neptune Pet.,162.10,14.63,367.21,0.00,,,,,62.28,
457.,Logica Infoway,206.00,34.88,366.63,0.00,7.27,32.18,596.69,7.12,14.30,
458.,Mason Infratech,205.70,21.16,361.47,0.00,12.38,25.94,75.06,8.78,33.71,
459.,Systango Tech,245.85,17.08,360.63,0.00,14.03,59.79,38.36,29.38,28.74,
460.,HP Telecom,301.45,28.55,359.17,0.00,7.34,34.68,1002.66,57.85,16.40,
461.,Shree TirupatiBa,43.90,14.91,358.10,0.00,6.36,-20.92,125.41,-12.62,13.21,
462.,Maxvolt Energy,328.25,35.37,357.92,0.00,5.34,33.83,67.19,144.24,31.92,
463.,Prizor Viztech,334.60,35.24,357.73,0.00,5.87,27.33,40.06,34.97,45.27,
464.,Parth Electrical,258.80,29.28,353.73,0.00,6.10,48.06,80.40,15.02,33.26,
465.,Spunweb Nonwoven,146.15,32.65,352.27,0.00,,,,,22.25,
466.,ITCONS E-Soluti.,582.80,107.05,350.06,0.03,1.96,71.93,38.45,144.59,17.22,
467.,Trident Lifeline,300.00,21.72,347.77,0.00,2.78,33.62,23.61,79.54,18.12,
468.,VMS TMT,70.03,23.56,347.57,0.00,,,,,13.98,
469.,Pushpa Jewellers,143.35,15.59,347.24,0.00,7.48,,66.46,,50.45,
470.,Goyal Salt,193.80,45.41,346.91,0.00,3.92,-44.32,61.71,-13.02,16.92,
471.,ANB Metal,290.50,33.54,343.80,0.00,,,,,29.60,
472.,Subam Papers,147.50,12.83,342.86,0.00,9.22,,269.29,,13.09,
473.,Savy Infra,163.50,14.25,340.22,0.00,4.20,,47.33,,61.88,
474.,National Perox.,591.25,,339.79,0.00,0.39,-42.65,68.29,-11.33,0.20,
475.,Pune e,216.35,21.68,338.61,0.00,10.43,-20.85,26.39,-34.55,15.22,
476.,Saraswati Saree,84.24,10.82,333.59,2.69,6.35,4.10,144.77,11.05,28.58,
477.,PropsharePlatina,985001.00,38.50,331.06,4.55,4.16,,7.71,,,
478.,Akme Fintrade,7.74,9.65,330.30,0.00,9.61,11.61,31.92,49.65,14.40,
479.,Jeyyam Global,69.50,14.95,330.10,0.00,12.54,89.71,386.97,2.86,17.75,
480.,B.R.Goyal Infra.,134.90,12.89,321.40,0.00,18.99,6.99,296.85,-15.82,17.91,
481.,Frog Cellsat,206.45,13.63,321.12,0.00,2.78,-57.73,48.48,9.04,21.56,
482.,Beezaasan Exp.,247.95,28.23,320.38,0.00,4.62,79.77,117.78,16.36,21.11,
483.,Pratham EPC,175.25,23.73,319.17,0.00,5.23,9.64,56.93,63.73,25.63,
484.,Shera Energy,130.50,16.52,318.93,0.00,7.04,37.28,386.74,30.84,17.22,
485.,RDB Real Estate,183.60,,317.32,0.00,0.34,-87.22,19.85,3.39,4.21,
486.,Yash Optics,127.80,34.11,316.50,0.00,5.04,6.55,23.71,5.71,17.24,
487.,Jay Bee Laminati,139.95,21.54,315.83,0.00,3.69,-74.39,218.73,42.80,32.13,
488.,Ducol Organics,194.00,68.25,315.33,0.00,0.73,-77.26,38.77,2.48,8.47,
489.,Earkart,227.00,45.38,312.21,0.00,,,,,45.13,
490.,Munish Forge,129.15,21.72,310.87,0.00,,,,,22.37,
491.,JD Cables,137.60,14.01,310.30,0.00,,,,,65.58,
492.,Cryogenic OGS,217.00,39.28,309.88,0.00,5.52,64.75,21.07,57.12,32.02,
493.,Emmforce Auto.,150.65,38.36,308.83,0.00,4.68,14.43,52.49,31.00,16.02,
494.,Nikita Greentech Recycling,125.00,13.39,308.35,0.00,12.90,32.31,198.46,10.85,16.56,
495.,Saakshi Medtech,173.65,65.10,306.60,0.00,1.26,-79.00,47.97,-20.80,6.09,
496.,Kaka Industries,222.85,23.63,304.41,0.00,6.35,-2.31,102.33,23.83,19.48,
497.,Tankup Engi.,573.95,199.94,303.91,0.00,1.00,-34.21,13.55,18.34,21.26,
498.,Envirotech Sys.,161.50,27.31,303.46,0.00,11.22,22.62,31.31,13.69,31.63,
499.,Arihant Academy,499.90,68.02,302.70,0.20,1.96,,17.25,,,
500.,GSM Foils,213.05,24.83,300.25,0.00,3.83,173.57,52.00,147.62,45.64,
501.,Om Freight Forwa,88.90,19.00,299.37,0.00,2.99,-66.33,94.43,-21.52,,
502.,Baroda Rayon,130.50,9.19,298.99,0.00,7.10,98.88,22.36,113.16,5.04,
503.,Sat Kartar,188.05,21.49,296.08,0.37,7.79,103.93,88.35,16.57,39.66,
504.,Bhavik Enterpris,142.50,51.07,290.10,0.00,,,,,8.33,
505.,Pramara Promotio,320.75,49.12,289.80,0.00,3.69,14.95,55.66,30.75,15.23,
506.,Thaai,125.00,23.89,289.12,0.00,6.12,-30.90,68.75,43.23,16.31,
507.,Krishca Strapp.,203.10,24.57,288.20,0.00,6.30,-16.67,85.62,51.46,20.37,
508.,Akiko,266.65,38.86,287.17,0.00,5.65,,57.35,,,
509.,Ecoline Exim,139.45,15.58,286.09,0.00,,,,,,
510.,Shreeji Global,,23.42,284.50,,,,,,37.40,
511.,L. T. Elevator,147.70,31.66,283.04,0.00,,,,,32.96,
512.,Transteel Seatin,130.05,22.28,282.29,0.00,8.03,14.88,54.29,26.26,16.79,
513.,Asarfi Hospital,143.45,26.43,282.27,0.00,3.20,,35.66,,15.83,
514.,Positron Energy,370.40,15.83,281.52,0.00,13.04,90.64,267.03,214.97,41.81,
515.,Balaji Phos.,118.10,35.46,280.81,0.00,3.58,306.82,64.08,15.75,16.20,
516.,Esconet,212.70,40.74,280.68,0.00,4.69,108.44,120.50,82.02,17.85,
517.,CapitalNumbers,114.90,12.51,280.67,0.00,12.11,5.40,49.54,6.33,26.47,
518.,Ramdevbaba Sol.,122.25,18.63,279.48,0.00,6.91,-7.59,526.97,34.53,7.90,
519.,Current Infra.,145.00,29.35,277.65,0.00,3.96,,45.18,,,
520.,Vibhor Steel,145.52,23.19,275.94,0.00,3.14,3.97,230.96,2.76,8.14,
521.,Anya Polytech &,22.85,33.48,274.20,0.00,0.08,,60.54,,14.22,
522.,Nilachal Carbo,110.00,19.56,274.20,0.00,,,,,24.09,
523.,Jasch Gauging,604.60,17.01,274.00,1.65,5.14,40.05,17.12,30.99,24.34,
524.,Revathi Equip,891.75,21.48,273.49,0.00,0.57,-92.82,22.26,-57.22,25.71,
525.,Taurian MPS,306.00,28.98,271.83,0.00,,,,,39.32,
526.,Aveer Foods,674.35,79.20,271.65,0.04,0.53,-49.04,34.01,22.07,17.39,
527.,Finbud Financial,,31.90,270.50,,,,,,34.14,
528.,Mahamaya Lifesc.,,51.31,266.82,,,,,,21.11,
529.,B.A.G. Converge.,125.10,28.21,265.45,0.00,,,,,89.63,
530.,Rikhav Securitie,68.40,11.11,261.92,0.00,-27.00,,225.06,,16.68,
531.,Meta Infotech,138.70,16.48,261.89,0.00,,,,,51.14,
532.,Chemkart India,216.05,10.77,261.40,0.00,14.73,,113.13,,61.51,
533.,Karbonsteel Eng.,184.05,18.38,260.28,0.00,,,,,29.25,
534.,Integrated Perso,300.00,36.52,258.20,0.03,4.09,38.64,174.40,29.37,15.09,
535.,Sayaji (Indore),845.45,23.98,257.58,0.00,1.79,9.82,23.76,-1.25,18.91,
536.,Cash UR Drive,145.60,15.44,256.92,0.00,,,,,54.81,
537.,Voler Car,230.00,56.45,256.30,0.00,1.27,18.69,12.35,21.92,25.38,
538.,ARCL Organics,319.85,18.87,255.88,0.00,3.99,44.04,67.34,12.36,20.33,
539.,Active Infra.,170.00,26.93,255.26,0.59,7.54,22.34,56.09,18.66,15.51,
540.,Eppeltone Ene.,195.70,23.35,253.61,0.00,,,,,32.04,
541.,Kamdhenu Venture,8.06,42.65,253.37,0.00,0.87,-45.28,50.24,-7.75,6.57,
542.,Quest Flow,246.05,39.93,249.99,0.00,2.83,-56.06,37.59,-13.03,12.82,
543.,Eleganz Interior,110.15,18.48,248.93,0.00,2.30,-75.87,111.01,-42.21,26.02,
544.,Star Imaging,142.90,15.63,248.93,0.00,,,,,34.73,
545.,HVAX Technolog.,890.00,22.51,247.14,0.00,7.22,-6.36,84.66,9.68,22.34,
546.,Chavda Infra Ltd,100.00,11.88,246.56,0.00,11.81,-2.56,146.54,5.37,17.84,
547.,Sunlite Recycli.,225.35,17.30,245.18,0.00,7.21,49.90,759.92,35.16,36.07,
548.,Unihealth Hosp,158.75,16.15,244.47,0.00,9.91,63.53,31.76,19.17,17.15,
549.,Anlon Tech,390.10,37.60,244.02,0.00,3.94,71.30,31.17,78.83,19.34,
550.,VL E-Governance,22.37,2205.55,242.61,0.00,-0.52,-164.20,3.25,-59.32,0.11,
551.,Agarwal Toughene,137.00,15.96,242.14,0.00,9.24,,33.02,,24.38,
552.,Committed Cargo,210.45,33.22,241.17,0.24,,,,,15.08,
553.,Shivashrit Foods,130.60,19.57,238.59,0.00,,,,,27.31,
554.,Shivalic Power,98.80,19.18,238.26,0.00,5.96,-23.98,78.85,10.79,19.39,
555.,Emerald Tyre,121.65,22.56,236.93,0.82,4.05,,100.93,,14.35,
556.,EMA Partners,101.25,23.61,235.37,0.00,5.80,-33.41,34.77,-9.69,12.84,
557.,Paradeep Pari.,147.10,9.69,234.15,0.00,18.99,,198.31,,23.73,
558.,Alstone Textiles,0.37,100.94,232.17,0.00,1.75,-31.37,0.00,-100.00,-0.09,
559.,Kay Cee,189.85,10.92,232.07,0.00,9.19,83.80,83.33,120.10,29.31,
560.,Mach Conferences,109.85,17.40,231.09,0.91,5.63,,116.44,,21.92,
561.,C P S Shapers,1045.00,1359.18,231.06,0.00,0.65,912.50,17.91,-2.66,4.81,
562.,Sayaji Hot. Pune,757.95,12.15,230.92,0.00,5.33,27.21,18.83,1.89,30.79,
563.,Shradha AI Tech,37.09,19.87,226.07,1.62,3.36,100.00,6.02,100.00,17.45,
564.,Purple Finance,41.42,,225.43,0.00,-1.63,70.74,11.10,311.11,-13.17,
565.,Pritika Engineer,85.50,33.00,225.42,0.00,2.03,115.96,37.17,62.53,11.68,
566.,Patel Chem,90.50,21.29,225.07,0.00,,,,,35.22,
567.,Gayatri Rubbers,390.00,78.52,223.78,0.00,1.58,66.32,18.27,34.04,31.91,
568.,Sawaliya Food,225.00,32.06,223.16,0.00,1.49,,7.43,,44.37,
569.,Forcas Studio,126.50,25.80,222.39,0.00,5.72,33.96,86.66,4.31,21.69,
570.,Aluwind Infra,89.35,28.03,222.01,0.00,5.86,53.40,63.77,51.58,21.70,
571.,Spectrum Talent,96.00,33.59,221.69,0.00,2.40,-68.21,739.53,26.16,4.93,
572.,Chatha Foods,91.56,36.38,220.49,0.00,2.83,2.54,83.33,32.23,11.92,
573.,Justo Realfin,117.25,15.49,220.41,0.00,5.99,-14.06,36.63,-6.51,44.00,
574.,Addictive Learn,138.00,23.13,219.55,0.00,3.90,39.78,33.98,3.03,25.13,
575.,Winsol Engineers,190.25,19.35,219.46,0.00,5.12,9.40,68.78,64.86,36.21,
576.,Aaradhya Dis.,153.75,21.19,217.37,0.00,,,,,27.19,
577.,Shubhshree Bio.,413.65,26.80,216.84,0.00,,,,,,
578.,Sattrix Infor.,318.45,53.60,216.55,0.00,3.65,319.54,22.44,47.34,23.63,
579.,Organic Recyclin,250.05,13.68,216.53,0.00,8.95,55.65,26.20,75.72,12.17,
580.,Visaman Global,111.55,100.97,216.08,0.00,0.83,12.16,128.28,-11.97,9.83,
581.,Sugs Lloyd,92.10,11.50,213.80,0.00,5.79,64.02,59.41,133.07,34.52,
582.,Nephro Care,129.45,74.36,213.42,0.00,1.45,90.79,28.34,100.57,11.27,
583.,P S Raj Steels,282.00,28.69,212.58,0.00,3.54,,127.16,,19.30,
584.,Kataria Indust.,98.50,20.16,212.08,0.00,5.63,39.01,209.33,36.73,13.37,
585.,Infinity Infoway,387.50,50.43,211.30,0.00,,,,,61.71,
586.,Plaza Wires,48.22,64.32,210.97,0.00,1.08,56.52,65.36,38.33,4.41,
587.,Kore Digital,174.50,6.53,209.82,0.00,13.77,,156.99,,45.01,
588.,SK Minerals & Additives,170.80,15.54,209.06,0.00,7.02,55.65,109.89,8.83,32.29,
589.,Aeroflex Neu,79.88,140.18,206.06,0.00,1.07,292.31,34.52,1.80,3.42,
590.,Womancart,324.75,22.68,204.83,0.00,5.31,69.17,49.80,126.78,18.29,
591.,Energy-Mission,180.40,16.26,204.33,0.00,6.92,2.82,77.99,12.90,21.45,
592.,Optivalue Tek,87.10,16.74,203.91,0.00,,,,,54.90,
593.,NSB BPO,102.00,18.44,203.72,0.00,,,,,10.17,
594.,Siyaram Recycli.,93.25,13.92,203.18,0.00,6.89,110.06,265.89,34.34,16.62,
595.,Drone Destinatio,83.20,,203.01,0.00,-7.83,-217.04,11.06,-58.03,-10.52,
596.,Rockingdeals Cir,236.15,36.85,200.46,0.00,1.33,,22.89,,19.49,
597.,Prime Cable Ind.,109.05,18.98,199.82,0.00,5.48,122.76,90.71,61.87,30.49,
598.,Fidel Softech,144.60,20.41,198.83,1.38,2.78,17.30,23.15,67.51,,
599.,Macobs Technolo.,202.90,76.44,198.74,0.00,0.77,,7.06,,18.39,
600.,S D Retail,105.70,23.07,197.90,0.00,9.09,-15.83,101.36,-4.34,12.21,
601.,Game Changers,109.35,16.21,195.66,0.00,9.14,,85.87,,71.16,
602.,Silicon Rental,171.00,15.61,195.27,0.58,5.95,3.12,47.13,20.51,20.62,
603.,Barflex Polyfilm,78.50,24.72,194.28,0.00,8.35,,48.62,,13.34,
604.,Iware Supplych.,181.30,14.68,194.28,0.00,6.43,427.05,93.44,214.82,34.72,
605.,Jainik Power,134.75,20.92,193.34,0.00,,,,,40.18,
606.,S. V. J. Enterp.,346.85,364.58,193.23,0.00,0.36,-16.28,2.94,-9.82,5.76,
607.,Premier Roadline,84.40,12.58,192.96,0.00,10.18,23.92,175.47,32.76,22.14,
608.,Dhariwalcorp,215.00,54.06,192.46,0.00,0.87,-42.38,113.24,1.78,18.53,
609.,Lloyds Luxuries,80.00,,190.91,0.00,-4.89,-76.53,24.35,11.24,-9.68,
610.,KCK Industries,30.00,261.38,190.81,0.00,0.51,-66.00,20.70,-51.64,6.06,
611.,GLEN Industries,79.27,10.69,190.73,0.00,8.31,-2.24,95.56,13.57,20.42,
612.,Purv Flexi,90.70,18.09,190.31,0.00,5.80,28.65,221.46,84.87,11.29,
613.,Aeron Composites,111.80,14.29,190.28,0.00,6.69,31.18,107.45,-8.69,21.19,
614.,NIS Management,95.78,10.16,189.65,0.00,,,,,11.99,
615.,Rajputana Indu.,85.30,21.56,189.49,0.00,2.79,22.91,167.11,40.68,18.08,
616.,Madhusudan Masa,130.90,14.89,189.41,0.00,4.17,,73.09,,,
617.,ACE Alpha Tech,107.00,16.77,187.87,0.00,5.11,-33.55,7.53,-37.30,54.34,
618.,QMS Medical,97.05,14.86,187.67,0.52,3.15,,46.50,,16.60,
619.,Aesthetik Engi.,108.70,36.99,187.18,0.00,4.70,20.20,33.95,-12.68,19.60,
620.,Usha Financial,43.00,13.55,186.94,0.00,8.76,35.39,33.12,5.28,12.38,
621.,Tips Films,431.35,,186.47,0.00,4.74,170.12,95.37,670.36,-26.64,
622.,Tunwal E-Motors,32.00,15.58,184.62,0.31,6.48,-4.42,104.17,74.72,19.92,
623.,Chatterbox Tech,130.15,18.76,184.08,0.00,4.70,25.33,35.98,33.41,56.72,
624.,Royal Arc Ele.,165.00,19.53,183.15,0.00,5.87,,56.03,,22.18,
625.,BharatRohan Air.,91.89,19.48,183.07,0.00,,,,,32.45,
626.,Indian Emuls,99.40,13.70,182.23,0.00,6.32,26.15,49.73,57.37,23.57,
627.,Global Pet Indus,154.00,42.41,181.53,0.00,3.75,195.28,27.08,16.42,14.73,
628.,Sharvaya Metals,178.50,14.31,179.04,0.00,,,,,65.49,
629.,V R Infraspace,199.00,87.34,176.71,0.00,1.34,-19.12,18.51,57.67,12.44,
630.,Mahendra Realtor,79.75,11.89,176.28,0.00,,,,,25.27,
631.,Sodhani Academy,309.50,120.73,176.26,0.16,1.88,45.74,2.89,74.10,18.54,
632.,Arham Tech,104.05,24.18,176.05,0.00,4.64,45.91,37.45,35.39,23.69,
633.,Rappid Valves,339.00,29.14,176.01,0.00,3.64,9.97,32.51,11.11,24.31,
634.,Rajputana Bio.,250.00,29.40,175.84,0.00,1.06,-60.00,22.78,-15.54,20.82,
635.,Desco Infra.,228.30,14.63,175.24,0.00,6.17,89.85,42.04,85.77,31.18,
636.,P.E. Analytics,165.75,13.48,173.74,0.00,6.44,3.20,21.59,-2.75,21.30,
637.,Akanksha Power,88.50,40.11,173.29,0.00,2.82,47.67,52.43,56.98,11.43,
638.,Resgen,81.20,21.34,170.32,0.00,4.14,4.55,39.47,29.79,19.68,
639.,Enser,19.50,19.58,169.96,0.00,,,,,,
640.,Slone Infosys.,322.55,22.94,169.95,0.16,2.69,30.58,57.66,42.55,37.93,
641.,Enfuse Solutions,192.00,52.43,169.87,0.00,0.92,-75.53,22.19,-10.63,14.76,
642.,Shipwaves Online,,29.07,169.79,,,,,,,
643.,Jay Jalaram Tech,152.45,25.10,169.68,0.00,3.41,-19.58,339.09,5.09,15.69,
644.,Blue Water,154.20,15.90,169.62,0.00,,,,,41.11,
645.,Vuenow Infratech,73.10,,169.60,0.00,1.02,-73.78,1.66,-87.46,17.03,
646.,Upsurge Seeds,167.60,19.91,169.03,0.00,5.91,19.64,86.02,43.25,12.98,
647.,Dollex Agrotech,42.15,33.15,168.38,0.00,1.75,-64.65,36.21,-4.05,6.90,
648.,Gabriel Pet,298.95,107.28,167.36,0.00,1.35,136.84,25.36,158.25,7.62,
649.,Innomet Advanced,129.15,89.37,167.12,0.00,0.16,-91.44,17.88,52.17,8.51,
650.,Canarys Automa.,29.15,20.11,166.73,0.00,4.08,-23.60,51.50,17.05,14.36,
651.,Ameenji Rubber,147.10,20.66,165.93,0.00,,,,,,
652.,IBL Finance,67.00,73.97,165.70,0.00,1.24,-8.15,8.16,38.78,7.53,
653.,Apex Ecotech,125.55,19.34,165.54,0.00,7.01,,49.25,,37.51,
654.,Astonea Labs,156.00,30.65,163.97,0.00,,,,,19.74,
655.,Sadhav Shipping,114.00,13.82,163.62,0.00,7.20,41.73,59.28,17.25,13.45,
656.,Avi Ansh,117.00,90.85,163.53,0.00,0.79,-68.15,67.95,-6.26,6.85,
657.,Bhadora Indust.,87.45,15.08,162.66,0.00,,,,,57.48,
658.,Smarten Power,85.45,12.71,162.36,0.00,4.05,,61.44,,41.01,
659.,Shri Techtex,65.05,11.40,162.30,0.00,7.03,-0.28,42.74,22.96,21.64,
660.,Readymix Cons.,147.65,17.32,161.80,0.00,11.14,,55.63,,30.21,
661.,Covance Softsol,72.83,11.14,161.29,0.00,7.68,109.84,33.17,65.11,8.01,
662.,Sheetal Univer.,140.60,17.28,161.07,0.36,7.99,539.20,46.65,-32.68,26.15,
663.,Maitreya Medica.,237.35,86.94,160.83,0.00,0.20,122.22,22.30,-3.09,10.77,
664.,Harshdeep Horti.,99.50,14.32,160.14,0.00,5.70,34.75,32.64,31.51,27.06,
665.,TBI Corn,88.05,11.73,159.88,0.00,6.12,78.43,117.62,33.83,18.57,
666.,Shree OSFM,103.75,15.44,159.81,0.00,5.57,-5.27,70.06,12.15,19.67,
667.,Sharp Chucks and,138.55,20.08,159.47,0.00,3.39,-8.13,109.71,4.36,13.06,
668.,Uma Exports,46.83,,158.33,0.00,0.43,-93.36,300.33,-23.90,4.45,
669.,Sheel Bio.,77.55,15.19,157.83,0.00,,,,,14.48,
670.,Pro FX,90.10,12.88,157.71,0.00,,,,,51.05,
671.,Modern Threads,45.26,49.18,157.39,0.00,0.01,-94.44,69.86,20.34,2.90,
672.,Vital Chemtech,65.50,38.64,156.88,0.00,1.74,155.06,67.99,40.16,6.68,
673.,Esprit Stones,71.25,9.98,156.36,0.00,9.39,108.47,160.57,24.79,13.94,
674.,Classic Electrod,87.00,13.44,156.30,0.00,5.49,-1.26,100.25,0.37,22.30,
675.,Mayasheel Vent.,70.75,13.44,156.00,0.00,,,,,30.36,
676.,Divine Hira Jew.,119.30,27.99,155.65,0.00,3.06,,222.83,,19.69,
677.,B. D. Industries,108.10,20.19,153.61,0.00,,,,,45.54,
678.,Veekayem Fash.,259.20,19.93,152.30,0.00,4.68,88.71,198.57,32.96,14.05,
679.,Greenhitech Ven.,115.75,99.57,150.35,0.00,1.00,-21.26,8.47,34.87,18.71,
680.,Aztec Fluids,109.60,22.65,149.06,0.46,2.91,7.38,35.61,11.46,22.30,
681.,Shlokka Dyes,69.45,14.85,148.68,0.00,,,,,29.14,
682.,Rapid Fleet,199.00,14.43,147.95,0.00,3.27,,87.41,,24.80,
683.,Deepak Chemtex,135.30,11.75,146.99,0.00,6.87,140.21,40.59,47.01,33.79,
684.,Trust Fintech,61.40,16.25,146.29,0.81,3.84,-26.44,14.57,-10.17,15.67,
685.,Udayshivakumar,26.23,,145.20,0.00,-7.73,-522.40,58.16,4.94,-0.92,
686.,Chetana Educa.,71.00,10.73,144.84,0.00,3.44,-66.57,44.37,10.10,23.26,
687.,Forge Auto,132.45,14.73,144.64,0.00,5.50,,103.76,,23.64,
688.,Zeal Global Serv,108.50,9.98,144.41,0.00,5.39,-27.65,197.44,99.72,23.80,
689.,United Heat,75.90,27.22,144.24,0.00,2.24,-39.95,38.41,-3.81,15.69,
690.,Sotac Pharma.,129.85,18.55,143.48,0.08,6.11,131.44,44.39,-14.95,15.06,
691.,Quest Laborato.,87.55,8.86,143.47,0.00,4.10,177.03,23.18,52.00,26.87,
692.,De Neers Tools,165.90,9.08,142.78,0.00,,,,,,
693.,Matrix Geo Sol.,97.50,24.30,142.17,0.00,,,,,44.27,
694.,Greenchef Appli.,61.05,23.80,142.07,0.00,1.14,21.28,202.10,12.05,6.14,
695.,N R Vandana,60.50,16.50,140.93,0.00,2.04,,60.77,,18.85,
696.,Droneacharya Aer,58.72,,140.86,0.00,-15.08,-779.28,7.62,-46.75,-26.25,
697.,Sattva Eng.,80.00,15.58,139.75,0.00,,,,,28.63,
698.,Delaplex,152.75,13.46,139.16,0.00,5.52,6.77,28.83,4.87,20.24,
699.,Lakshya Powertec,137.35,8.75,138.50,0.00,8.39,-19.21,93.40,7.75,25.52,
700.,Urban Enviro,159.05,13.44,137.74,0.00,2.63,-13.77,69.11,23.39,28.13,
701.,Umiya Mobile,96.00,24.16,136.51,0.00,,,,,32.58,
702.,Mangalam Alloys,55.25,10.25,136.39,0.00,12.41,127.29,233.88,42.53,15.73,
703.,Master Component,340.00,33.17,136.00,0.15,4.82,45.51,24.67,78.77,20.16,
704.,Hari Govind Intl,171.35,,134.64,0.00,0.00,100.00,0.00,,-2.18,
705.,Beacon Trust.,74.00,24.62,133.68,0.00,1.18,,12.59,,23.57,
706.,Oval Projects,64.00,14.43,132.92,0.00,6.05,,58.77,,22.16,
707.,Manoj Ceramic,105.95,12.18,131.45,0.00,6.69,120.07,98.24,86.24,17.73,
708.,Sellowrap Indus.,95.45,12.36,131.19,0.00,5.81,10.98,86.58,14.98,20.85,
709.,Royal Sense,244.00,20.62,130.54,0.00,3.96,-18.69,39.71,263.31,35.18,
710.,Kaytex Fabrics,88.05,7.65,129.43,0.00,,,,,33.46,
711.,Softrak Venture,2.87,340.45,129.37,0.17,0.03,,0.00,-100.00,1.28,
712.,Sylvan Plyboard,66.00,18.67,127.87,0.00,3.51,,134.63,,11.46,
713.,KVS Castings,67.65,19.14,126.87,0.00,1.61,,13.25,,27.96,
714.,Diensten Tech,153.50,,126.80,0.00,-0.54,19.40,19.61,30.91,0.32,
715.,Indian Phosphate,50.45,17.25,126.07,0.00,6.51,68.21,455.68,6.38,8.51,
716.,Leo Dryfruits,70.00,15.35,125.24,0.00,6.67,,69.43,,22.39,
717.,Kundan Edifice,120.95,15.77,124.24,0.00,4.26,1474.19,50.31,17.46,22.95,
718.,Cedaar Textile,88.90,10.25,123.38,0.00,6.96,119.56,129.72,83.17,15.68,
719.,Newjaisa Tech,34.50,,123.06,0.00,-4.66,-236.26,31.93,-10.26,-0.44,
720.,Gem Enviro,54.00,20.00,121.77,0.46,1.50,-68.55,37.01,145.42,19.71,
721.,Pattech Fitwell,129.30,98.79,121.51,0.00,0.26,-74.26,23.81,26.38,9.67,
722.,Maiden Forgings,85.00,19.97,120.80,0.00,2.00,-63.90,103.82,-13.91,11.35,
723.,Valplast Technol,61.49,19.75,120.69,0.00,,,,,24.66,
724.,Aakaar Medical,85.00,19.95,120.47,0.00,,,,,26.66,
725.,Refractory Shap.,54.80,19.75,119.46,0.00,2.90,71.60,35.24,64.83,16.82,
726.,Ken Enter.,48.45,9.67,119.02,0.00,7.20,41.73,267.37,24.85,28.13,
727.,Crayons Advertis,48.60,11.20,118.73,0.00,7.51,-34.69,135.47,6.54,8.93,
728.,Moving Media,63.00,11.39,118.48,0.00,,,,,29.88,
729.,Odigma Consultan,37.84,288.49,118.28,0.00,0.11,22.22,6.57,-51.58,0.97,
730.,Jay Ambe Super.,133.20,43.01,118.28,0.00,,,,,24.49,
731.,Shanti Spintex,70.00,11.66,118.22,0.00,3.73,-52.06,354.90,3.32,13.88,
732.,Dharni Capital,58.00,30.69,118.15,0.00,2.00,26.58,3.60,5.57,24.96,
733.,New Swan,62.00,11.05,117.90,0.81,6.17,38.65,76.49,2.44,14.96,
734.,Maxposure,51.70,14.03,117.57,0.00,3.58,-13.73,25.84,14.08,17.67,
735.,Hoac Foods,270.45,47.14,117.39,0.00,,,,,,
736.,Alphalogic Indu,114.65,31.92,116.82,0.00,2.57,40.44,24.91,-36.94,19.62,
737.,Techknowgreen,157.50,15.18,116.28,0.00,3.86,34.49,19.43,36.64,29.50,
738.,Shri Hare-Krish.,60.00,12.52,115.15,0.00,,,,,16.05,
739.,DCG Cables,63.05,14.75,114.43,0.00,3.31,-21.00,67.98,40.57,17.15,
740.,Jyoti Global,57.50,18.75,113.97,0.00,,,,,23.71,
741.,Mayank Cattle Fo,210.00,20.73,113.40,0.00,2.52,24.75,185.39,3.44,16.45,
742.,Kabra Jewels,107.85,9.89,113.08,0.00,8.53,,133.02,,17.20,
743.,Amwill Health,55.83,13.82,111.68,0.00,3.87,-40.64,21.21,-8.42,27.56,
744.,Telge Projects,114.00,22.78,111.61,0.00,,,,,55.40,
745.,Fonebox Retail,108.10,24.38,110.91,0.00,2.83,50.53,178.08,13.13,33.64,
746.,Holmarc Opto,109.85,29.52,110.40,0.36,2.50,5.49,20.16,3.65,19.73,
747.,Digidrive Dist.,28.59,17.12,110.25,0.00,-0.10,-107.35,9.59,-30.81,3.79,
748.,Magson Retail,112.45,203.56,109.92,0.00,0.18,-90.58,35.24,9.41,3.24,
749.,Srivari Spices &,128.10,11.30,109.79,0.39,4.81,8.58,59.08,24.83,27.90,
750.,Ambo Agritec,55.08,88.87,109.31,0.00,-0.07,,67.99,,8.63,
751.,Digikore Studios,85.05,,107.72,0.00,6.11,116.67,34.47,52.72,-11.06,
752.,Super Iron,46.00,19.64,107.61,0.00,3.72,,132.11,,7.03,
753.,Parmeshwar Metal,70.00,9.76,107.14,1.07,6.71,7.19,751.39,35.14,23.91,
754.,Paragon Fine,54.20,17.91,106.05,0.00,4.21,-49.40,64.13,4.84,9.17,
755.,Landmark Global,51.15,8.26,105.42,0.00,7.79,,19.62,,28.83,
756.,Zenith Drugs,61.40,14.40,105.29,0.00,1.44,-56.10,65.63,5.50,12.90,
757.,ROX Hi-Tech,46.05,5.29,105.16,0.00,19.93,,187.46,,,
758.,Suntech Infra.,54.20,8.86,104.95,0.00,9.70,48.77,94.79,71.53,22.39,
759.,Retina Paints,68.00,80.24,104.31,0.00,0.95,-67.13,14.80,127.69,8.06,
760.,ARC Insulation,101.10,12.15,104.11,0.00,,,,,52.61,
761.,Renol Polychem,130.65,20.76,103.79,0.00,1.13,,14.69,,46.09,
762.,Curis Lifescien.,,19.31,103.48,,1.20,,9.12,,,
763.,ATC Energies,50.40,9.03,102.76,0.00,5.61,10.43,28.82,14.87,19.27,
764.,Vdeal System,210.10,25.75,102.75,0.00,2.74,32.37,24.35,32.34,25.57,
765.,Naman In-Store,78.50,16.38,102.57,0.00,1.47,-58.12,89.14,36.03,14.17,
766.,My Mudra Fin.,90.00,11.38,102.53,0.00,6.14,41.47,46.63,19.56,31.35,
767.,Safecure Service,,16.62,102.41,,1.52,,15.46,,27.38,
768.,Shivam Chemicals,60.09,48.84,102.07,0.00,1.51,109.72,129.72,57.62,11.38,
769.,Shri Balaji,124.00,15.57,101.18,0.00,4.30,-0.23,44.04,-2.78,15.16,
770.,Electro Force,43.20,78.98,101.09,0.00,1.18,186.76,36.81,176.14,2.48,
771.,OneClick Logisti,280.25,47.20,101.00,0.00,0.99,23.75,23.25,-19.13,20.85,
772.,Arvind Port &,59.05,9.93,100.77,0.00,5.74,,13.02,,,
773.,Saj Hotels,62.35,27.62,100.54,0.00,0.06,-81.82,3.68,18.33,5.55,
774.,Ideal Technopl.,200.00,34.72,100.00,0.00,1.82,24.66,14.28,-9.96,20.19,
775.,Supreme Facility,39.80,11.91,98.82,0.00,3.21,-9.94,201.10,2.28,13.88,
776.,Sona Machinery,72.00,26.49,98.81,0.00,1.18,-84.37,55.09,-2.98,7.70,
777.,Silkflex Polymer,84.50,14.01,98.08,0.00,3.81,75.58,45.01,25.59,24.08,
778.,Jayesh Logistics,111.95,13.51,97.30,0.00,,,,,31.21,
779.,Ambey Laborator.,39.00,20.61,97.29,0.00,1.82,-6.67,63.62,6.09,9.97,
780.,Steelman Telecom,100.45,,97.20,0.00,0.68,222.56,129.44,11.47,-8.61,
781.,Viaz Tyres,78.75,28.89,96.48,0.00,2.04,64.52,28.88,2.19,11.95,
782.,Kaushalya,52.05,8.29,96.45,0.00,5.72,19.42,752.74,28.17,18.85,
783.,Konstelec Engg.,63.50,20.98,95.89,0.00,1.04,-82.75,109.26,-10.68,9.24,
784.,Sunsky Logistics,77.00,36.97,95.75,0.00,,,,,75.19,
785.,Paramatrix Tech.,83.00,17.92,95.52,0.00,3.41,46.98,14.75,4.02,13.89,
786.,Pruden. Sugar,26.57,16.43,94.99,0.00,1.40,3.70,5.21,-84.69,7.66,
787.,Technichem Org.,54.82,23.56,94.96,0.00,1.87,-42.64,30.27,5.21,13.82,
788.,Ashapura Logi.,69.00,7.61,93.54,0.00,5.84,-10.40,137.42,27.80,13.94,
789.,Kandarp Digi,103.95,57.93,93.27,0.00,1.32,91.43,15.72,63.58,12.96,
790.,Sonu Infratech,90.00,8.32,93.14,0.00,2.64,98.50,36.53,106.62,20.36,
791.,Studio LSD,17.90,7.95,92.89,0.00,,,,,72.75,
792.,Crop Life Scienc,54.00,13.98,92.56,0.00,3.18,18.66,94.26,-6.82,12.06,
793.,Storage Tech,71.26,24.60,91.50,0.42,2.48,-62.76,50.80,-2.42,18.23,
794.,Sodhani Capital,114.80,41.84,91.21,0.00,,,,,47.30,
795.,Gujarat Peanut,88.70,13.63,91.02,0.00,,,,,22.64,
796.,Adtech Systems,76.30,19.76,90.90,1.31,0.66,-35.29,8.79,-11.84,12.92,
797.,Jungle Camps,58.61,22.88,90.84,0.00,1.13,-6.36,5.35,-5.14,14.51,
798.,Brace Port,80.30,13.23,90.75,0.93,3.19,-1.54,36.03,-0.96,35.17,
799.,Aptus Pharma,132.00,29.21,90.55,0.00,,,,,38.20,
800.,Delta Auto.,58.95,10.73,90.13,0.00,5.88,,52.34,,23.37,
801.,Rexpro Enter.,79.50,11.12,89.09,0.00,4.15,68.02,52.38,42.34,28.34,
802.,H.M. Electro,64.37,10.56,88.18,0.00,5.02,,76.27,,22.41,
803.,Aristo Bio-Tech,129.00,21.90,87.82,0.39,-0.49,-137.12,103.95,-7.45,12.42,
804.,TSC India,62.40,17.09,87.66,0.00,1.74,19.12,8.10,35.23,22.03,
805.,Mehul Colours,82.50,15.88,87.03,0.00,,,,,51.28,
806.,Pranik Logistics,78.90,11.93,86.87,0.00,1.93,77.06,39.16,75.53,24.32,
807.,Sangani Hospital,62.90,33.46,86.66,0.00,0.89,-46.39,11.18,45.76,9.91,
808.,Malpani Pipes,79.84,10.66,86.05,0.00,4.91,240.97,83.23,24.28,23.27,
809.,Icodex Publish.,55.00,9.60,86.00,0.00,,,,,82.77,
810.,Silky Overseas,135.00,7.44,85.96,0.00,2.82,71.95,25.26,19.49,36.55,
811.,Vijaypd Ceutical,44.00,17.90,85.93,0.00,,,,,20.40,
812.,Manas Polymers,109.70,19.88,85.30,0.00,1.18,,8.50,,32.46,
813.,Trom Industries,92.70,18.49,85.24,0.00,0.48,-87.06,47.08,51.48,18.46,
814.,Jayant Infratech,83.79,10.25,85.10,0.00,5.56,115.50,66.58,15.25,22.29,
815.,Sameera Agro,14.25,5.84,84.86,0.00,3.93,8.56,51.82,14.32,18.17,
816.,WOL 3D India,131.50,15.18,84.84,0.00,2.66,,25.51,,30.11,
817.,Olatech Solution,190.00,20.09,84.56,0.00,0.95,-45.40,9.61,11.87,39.93,
818.,Vigor Plast,81.50,16.38,84.37,0.00,,,,,30.41,
819.,Srivasavi Adhes.,59.50,12.64,84.34,0.00,2.49,4.18,50.00,34.19,23.84,
820.,Hilltone Softwar,75.61,,82.65,0.00,-0.18,-280.00,2.34,15.84,2.34,
821.,Grill Splendour,145.95,,82.58,0.00,-3.30,-254.84,5.85,-13.46,-24.53,
822.,Healthy Life,16.64,24.21,82.57,0.00,0.83,22.06,42.76,23.37,13.34,
823.,Deccan Transcon,36.30,13.39,82.49,0.00,1.30,,89.72,,10.44,
824.,Repono,80.00,15.97,82.23,0.00,,,,,47.51,
825.,Nexxus Petro,118.00,13.47,82.01,0.00,4.75,262.60,217.82,120.29,26.11,
826.,Aditya Ultra,32.75,8.72,81.34,0.00,4.13,,272.93,,13.38,
827.,Siddhi Cotspin,33.30,6.21,81.27,0.00,,,,,15.57,
828.,Baweja Studios L,43.85,9.76,80.80,0.00,5.27,36.18,43.39,69.29,11.19,
829.,Dar Credit & Cap,56.55,10.82,80.73,0.88,2.04,25.15,10.98,12.96,12.51,
830.,Snehaa Organics,79.15,10.98,80.57,0.00,,,,,58.77,
831.,Happy Square,69.20,13.61,80.27,0.00,,,,,40.91,
832.,Arabian Petrol.,73.20,8.25,79.73,0.00,4.49,50.90,146.19,1.70,18.68,
833.,Sri Chakra Cem.,87.60,,78.84,0.00,-6.70,27.09,37.32,14.94,-69.71,
834.,Marco Cables,42.00,15.10,78.54,0.00,2.47,17.62,62.67,23.03,20.13,
835.,Sancode Tech.,192.15,159.55,78.18,0.00,1.82,219.05,8.05,105.88,7.07,
836.,Praruh Tech,56.00,11.49,78.01,0.00,,,,,35.32,
837.,Rama Telecom,59.00,14.11,77.88,0.00,,,,,44.56,
838.,Share Samadhan,63.25,24.64,77.61,0.00,3.16,-17.79,9.99,59.58,21.95,
839.,M P K Steels,76.20,13.17,77.58,0.00,,,,,26.06,
840.,Greenleaf Envi.,130.00,16.79,77.08,0.00,,,,,46.45,
841.,Lead Reclaim,89.10,52.73,76.99,0.00,0.97,321.74,21.92,124.82,13.10,
842.,Mangal Compuso.,55.75,19.50,75.85,0.90,2.34,39.85,15.73,45.65,17.24,
843.,Vels Film,58.60,78.79,75.64,0.00,-20.14,-12.07,31.38,486.54,4.38,
844.,On Door Concepts,133.50,9.69,75.41,0.00,4.71,-13.42,151.67,17.62,7.86,
845.,Ameya Precision,100.00,17.94,75.00,0.00,2.42,33.70,19.68,3.69,22.55,
846.,Cargotrans Marit,159.90,21.82,74.83,0.31,1.97,169.86,44.47,92.76,23.64,
847.,Pentagon Rubber,95.45,27.46,73.59,0.00,1.76,-11.56,25.02,-13.87,7.38,
848.,Mega Flex Plast.,60.25,26.97,73.09,0.00,3.22,117.57,43.03,73.30,7.38,
849.,Swastik Pipe,31.15,,72.37,0.00,-9.50,-1022.33,380.41,4.00,4.26,
850.,Onyx Biotec,39.90,17.14,72.35,0.00,1.97,-2.96,31.80,6.50,12.16,
851.,Abha Power,38.65,11.53,71.84,0.00,3.17,34.89,35.78,16.78,18.29,
852.,3B Films,29.00,14.23,71.84,0.00,2.04,-37.23,38.91,-13.13,8.55,
853.,Srigee DLM,120.20,14.33,71.80,0.00,2.70,30.43,35.16,1.24,33.86,
854.,Dev Labtech,60.22,55.38,71.44,0.00,0.81,2600.00,32.90,47.53,5.70,
855.,Rudra Gas,85.53,10.63,71.31,0.00,4.10,84.68,60.46,88.11,23.20,
856.,Rachana Infra.,38.20,17.68,71.07,0.00,3.80,31.03,64.42,-0.59,7.15,
857.,Chiraharit,12.91,11.75,70.74,0.00,,,,,38.76,
858.,K2 Infragen,55.95,5.97,70.60,0.00,7.35,15.20,95.14,92.86,18.09,
859.,Nukleus Office,175.00,34.09,70.56,0.00,1.14,,14.37,,11.87,
860.,Synoptics Techno,83.20,17.46,70.55,0.00,0.58,-79.79,19.67,14.76,8.75,
861.,Asston Pharmaceu,82.65,18.46,70.35,0.00,,,,,36.62,
862.,J A Finance,65.83,,70.10,0.00,0.19,-34.48,0.73,7.35,5.65,
863.,Samay Project,45.15,16.82,69.30,0.00,,,,,29.78,
864.,S A Tech Soft.,53.00,9.33,69.20,0.00,2.92,,48.51,,29.91,
865.,Rachit Prints,139.50,15.13,68.86,0.00,1.03,,9.80,,38.57,
866.,Paramount Specia,34.95,15.39,68.79,0.00,2.87,30.45,62.59,20.07,12.49,
867.,Nirman Agri,85.80,2.72,68.72,2.33,6.92,107.19,63.00,207.92,35.16,
868.,Identixweb,65.26,18.47,68.14,0.00,1.37,60.75,4.38,30.75,34.33,
869.,Comrade Applian.,88.00,128.32,68.01,0.00,2.34,-24.03,40.50,112.60,6.85,
870.,Homesfy Realty,209.95,49.08,67.73,0.00,-0.05,-100.71,28.48,-23.34,4.65,
871.,Three M Paper,35.00,6.74,67.33,0.00,4.32,-17.56,139.55,-1.11,12.18,
872.,Takyon Networks,46.20,9.51,66.17,0.00,,,,,25.96,
873.,Vertexplus Tech.,120.65,75.12,66.11,0.00,2.57,1252.63,11.08,36.12,5.85,
874.,Durlax Top,39.75,8.81,66.10,0.00,4.10,135.63,63.22,21.20,14.76,
875.,Hybrid Financial,22.34,19.28,65.76,0.00,1.09,-1.80,1.80,0.56,11.17,
876.,Premium Plast,34.30,10.16,65.50,0.00,2.61,9.21,23.27,-1.06,23.81,
877.,Dhanlaxmi Crop,40.05,7.53,65.39,0.00,0.46,116.20,9.35,79.81,35.36,
878.,Swastika Castal,80.00,25.02,65.31,0.00,,,,,25.22,
879.,Bulkcorp Inter.,86.50,18.47,65.00,0.00,2.13,-12.35,34.24,24.24,21.42,
880.,Associated Cera.,214.90,37.33,64.58,0.00,0.73,-37.61,12.81,43.13,10.78,
881.,Shining Tools,,40.83,64.51,,,,,,26.89,
882.,Shantidoot Infra,355.50,12.04,63.92,0.00,0.90,130.77,5.05,54.91,86.13,
883.,Blue Pebble,156.50,12.62,63.85,0.32,1.29,55.42,22.28,150.90,39.40,
884.,Sampat Aluminium,74.80,9.15,63.44,0.00,,,,,28.60,
885.,Accretion Pha.,56.75,9.29,63.08,0.00,4.33,190.60,38.81,190.71,46.36,
886.,Graphisads,34.50,7.51,63.05,0.00,4.14,79.22,76.04,13.88,8.61,
887.,Shelter Pharma,41.50,8.52,61.68,0.84,3.70,18.59,26.60,28.44,24.48,
888.,Moxsh Overseas,67.55,,60.55,0.00,-0.38,84.92,4.03,44.96,1.13,
889.,Shanmuga Hos.,44.45,14.37,60.51,0.00,1.81,-27.31,23.23,6.12,17.20,
890.,Abram Food,116.45,18.41,60.02,0.00,,,,,37.95,
891.,Popular Found.,29.20,15.70,59.50,0.00,1.39,,34.68,,14.92,
892.,Rajgor Castor,24.85,6.60,59.43,0.40,7.29,13.55,347.49,-7.14,17.35,
893.,Vruddhi Engineer,235.00,39.80,59.30,0.00,1.10,587.50,17.97,44.11,27.00,
894.,Jain Irrigat-DVR,30.42,,58.69,0.00,20.42,85.30,1092.49,7.78,,
895.,Mittal Sections,50.62,16.26,58.55,0.00,,,,,25.95,
896.,Auro Impex,47.95,12.61,58.50,0.00,2.19,-21.79,138.75,-4.49,10.63,
897.,Swashthik Plas.,30.00,8.39,58.40,0.00,2.50,-5.66,72.06,20.02,10.87,
898.,Service Care Ltd,43.60,28.77,58.11,0.00,-0.32,-112.03,95.17,-8.18,5.12,
899.,Sungarner Energ.,250.50,34.99,58.08,0.00,0.84,1.20,21.77,113.64,17.99,
900.,AJC Jewel,94.98,19.94,57.64,0.00,,,,,14.68,
901.,Baba Food,35.00,13.26,57.14,0.00,1.92,-32.87,121.36,21.84,6.76,
902.,Toss The Coin,301.50,45.22,56.98,0.83,0.09,,4.29,,19.47,
903.,Austere Sys.,54.10,14.14,56.69,0.00,,,,,42.31,
904.,Nanavati Venture,120.20,244.04,56.13,0.00,0.20,-66.67,5.19,-63.76,1.39,
905.,Presstonic Engi.,72.75,65.20,56.07,0.00,5.29,368.14,17.96,50.42,8.08,
906.,Ganga Bath Fitt.,24.90,36.14,55.30,0.00,0.39,-84.40,16.72,2.26,27.58,
907.,Rex Sealing,212.00,28.39,54.80,0.00,0.72,-63.64,16.63,3.68,12.91,
908.,SPA CAPT SER,178.00,94.34,54.72,0.00,0.19,90.00,10.69,163.30,3.58,
909.,Unilex Colour &C,40.05,8.63,54.54,0.00,2.22,,72.80,,13.63,
910.,Chamunda Ele.,49.30,14.39,54.25,0.00,2.83,143.97,15.02,39.07,30.62,
911.,Divyadhan Recy.,37.80,35.12,54.08,0.00,1.42,-48.74,31.42,13.72,9.07,
912.,Prospect Consum.,87.00,24.94,53.38,0.00,1.04,0.97,17.84,45.51,14.67,
913.,AGS Transact,4.13,,53.04,0.00,-194.26,-1163.07,209.60,-43.92,1.26,
914.,Identical Brains,37.80,13.42,53.02,0.00,1.55,-21.72,14.08,40.38,23.43,
915.,Newmalayalam St.,30.55,11.98,52.81,0.00,-0.78,-265.96,149.95,7.60,9.64,
916.,Indobell Insul.,83.13,23.91,52.37,2.41,1.76,225.93,20.19,107.93,23.71,
917.,Vishwas Agri,51.95,8.43,51.95,0.00,3.80,,45.03,,14.55,
918.,Quicktouch Tech,43.70,430.33,51.64,0.00,-3.11,-363.40,9.81,-76.47,6.25,
919.,MCON Rasayan,70.30,22.70,51.52,0.00,1.02,-12.07,29.18,17.28,11.11,
920.,Agni Green,26.30,81.56,51.38,0.00,0.47,74.07,24.93,18.66,6.94,
921.,Teerth Gopicon,42.60,3.98,51.12,0.00,3.32,-59.16,50.27,-25.58,27.59,
922.,Pace E-Commerce,22.53,12.41,50.77,0.00,2.15,58.09,42.12,59.00,6.53,
923.,Rulka,119.10,22.44,50.72,0.00,1.32,-62.29,49.78,44.08,12.25,
924.,Rukmani Devi Gar,56.28,6.60,49.95,0.00,,,,,19.20,
925.,Supertech EV,39.90,8.00,49.31,0.00,,,,,41.32,
926.,Marc Loire,69.01,10.40,49.00,0.00,,,,,72.75,
927.,Uma Converter,24.00,18.02,48.66,0.00,0.42,-86.36,113.03,28.02,7.09,
928.,Spinaroo Comm.,69.49,33.75,48.60,0.00,0.82,,18.30,,18.54,
929.,Italian Edibles,32.85,15.91,48.54,0.30,1.07,-31.85,43.02,14.66,11.43,
930.,Infonative Solu.,39.96,7.98,47.34,0.00,2.30,1252.94,10.44,45.61,51.41,
931.,V.L.Infraproject,30.05,6.71,47.22,0.00,3.47,10.51,68.71,34.09,27.34,
932.,Dipna Pharmachem,19.60,48.59,47.13,0.00,0.64,30.61,34.30,-61.96,6.64,
933.,Aatmaj Health,20.80,73.45,47.01,0.00,0.33,123.40,11.03,53.84,3.39,
934.,Kontor Space,75.55,11.33,46.69,0.00,2.69,171.72,11.83,85.42,16.77,
935.,Globtier Infotec,30.65,8.43,46.35,0.00,,,,,31.11,
936.,Sharma E I Hosp.,141.05,35.05,46.26,0.00,0.32,28.00,9.47,40.92,12.77,
937.,Icon Facil.,57.20,10.06,44.96,0.00,,,,,49.71,
938.,Swojas Foods,14.43,14.70,44.68,0.00,0.22,1200.00,31.42,,73.33,
939.,Khyati Global,63.50,9.43,44.31,0.00,2.09,,61.20,,19.86,
940.,Shreenath Paper,22.40,15.24,44.03,0.00,,,,,11.74,
941.,Manoj Jewellers,48.95,9.24,43.98,0.00,2.50,,34.84,,28.01,
942.,Dindigul Farm,17.99,,43.95,0.00,-7.63,,29.34,,-3.73,
943.,Pearl Green Club,163.85,,43.86,0.00,-0.20,-400.00,2.77,-18.53,-0.49,
944.,LGT Business,46.55,8.36,43.63,0.00,,,,,50.12,
945.,Radiowalla,61.20,57.52,43.14,0.00,0.40,2.56,10.07,4.03,13.65,
946.,Integrity Infra.,100.25,15.68,43.11,0.00,1.32,,62.89,,29.77,
947.,JFL Life,13.00,14.30,42.89,0.00,0.75,-60.73,11.59,21.49,15.81,
948.,Deem Roll-Tech,51.05,14.68,42.56,0.00,1.02,-74.75,46.39,-8.61,4.74,
949.,Modern Malleable,3.65,3.29,42.53,0.00,2.45,610.42,27.82,1109.57,0.81,
950.,Gurunanak Agri.,35.30,6.92,42.36,0.00,,,,,55.48,
951.,Tapi Fruit,97.85,,42.08,0.00,-0.67,-185.71,10.39,-3.08,-8.91,
952.,Phoenix Overseas,21.75,9.19,42.08,2.76,3.39,-22.95,286.81,4.82,11.36,
953.,Agarwal Float,58.00,13.68,42.01,0.00,1.04,252.94,39.58,7.73,17.60,
954.,DRS Cargo Movers,55.35,122.62,41.69,0.00,-0.65,51.13,11.25,0.45,3.70,
955.,Lamosaic India,40.10,5.43,41.46,0.00,10.41,,72.82,,,
956.,Vashishtha Lux.,174.00,28.88,41.01,0.00,,,,,35.74,
957.,Faalcon Concepts,59.99,15.34,40.97,0.00,1.42,27.93,15.82,74.42,22.97,
958.,Sai Swami Metals,32.12,11.02,40.90,0.00,2.03,72.03,42.34,204.17,19.27,
959.,Thinking Hats,32.60,11.06,40.71,0.00,2.56,-6.57,39.02,91.18,20.61,
960.,Amkay Products,46.98,16.13,40.66,0.00,1.51,13.53,20.55,23.13,16.88,
961.,HRH Next,30.25,12.72,39.94,0.00,1.10,233.33,28.81,20.14,15.33,
962.,Neelam Linens,19.60,14.68,39.63,0.00,1.76,-6.88,73.19,8.17,9.95,
963.,Essex Marine,25.83,21.66,39.42,0.00,,,,,14.69,
964.,Solvex Edibles,43.99,9.63,39.38,0.00,,,,,,
965.,Medicamen Organ.,33.30,9.62,38.96,0.00,2.54,101.59,21.58,54.70,16.88,
966.,TECIL Chemical,20.54,,38.94,0.00,-0.08,46.67,0.00,,,
967.,Tridhya Tech,16.65,,38.77,0.00,-3.97,-156.14,14.12,-20.76,2.90,
968.,Travels & Rent.,34.58,12.03,38.74,0.00,1.48,,6.27,,24.13,
969.,Nacdac Infra.,36.75,9.34,38.68,0.00,3.33,69.90,41.19,55.14,26.22,
970.,Manglam Infra,21.80,13.14,38.36,0.00,-0.10,,27.82,,12.90,
971.,Sati Poly,77.00,2.56,38.09,0.00,-14.11,438.10,156.09,50.56,39.33,
972.,United Cotfab,22.06,13.79,37.92,0.00,0.98,-66.78,63.22,13.22,9.91,
973.,Signoria Creatio,79.60,12.54,37.87,0.00,1.73,-1.70,17.17,31.98,16.78,
974.,Arunaya Organics,21.50,8.94,37.71,0.00,1.95,62.50,54.75,47.77,25.37,
975.,Kalana Ispat,28.65,30.88,37.36,0.00,0.50,-67.32,27.57,-35.81,6.98,
976.,A G Universal,67.70,41.26,37.13,0.00,0.51,-57.50,31.27,-18.33,8.03,
977.,Docmode Health,117.90,,37.05,0.00,-1.38,-17.95,21.35,30.18,-0.29,
978.,Vilin Bio Med,26.50,168.05,36.97,0.00,0.10,116.39,10.32,26.47,4.20,
979.,Sonalis Consumer,76.83,13.77,36.49,0.00,2.47,951.72,60.79,9549.21,43.32,
980.,Piotex Indus.,71.20,10.82,36.34,0.00,1.73,,68.61,,23.93,
981.,Guj. Inject(Ker),24.45,37.31,35.82,0.00,0.07,-41.67,2.42,-20.66,13.48,
982.,Paramount Dye,51.00,4.43,35.41,0.00,4.45,25.71,45.03,91.54,16.12,
983.,Hemadri Cements,53.08,,35.40,0.00,-2.87,72.40,0.00,-100.00,-77.44,
984.,Rose Merc.,63.86,21.17,35.36,0.19,6.24,551.22,22.13,9120.83,32.01,
985.,Mono Pharmacare,20.00,11.44,35.34,0.00,0.82,39.66,81.18,45.46,11.00,
986.,Vandan Foods,41.90,5.08,35.13,0.00,4.85,1464.52,54.05,59.30,46.54,
987.,Sihora Indust.,65.80,18.74,35.05,0.00,,,,,36.04,
988.,Retaggio Indust.,22.50,14.41,35.02,0.00,1.62,37.29,14.46,119.42,12.60,
989.,Picturepost Stu.,11.95,6.95,35.01,0.00,2.59,42.31,19.61,40.88,32.29,
990.,Shree Marutinand,100.20,12.16,34.67,0.00,2.09,84.48,59.97,22.36,17.46,
991.,Aik Pipes & Poly,52.70,26.20,33.53,0.00,0.07,-95.62,9.23,-42.28,8.62,
992.,Galaxy Medicare,22.00,9.91,33.38,0.00,,,,,17.70,
993.,Cell Point,17.75,89.65,33.17,0.00,2.04,6400.00,171.19,4.71,4.77,
994.,Transvoy Logist.,124.45,15.41,33.14,0.00,1.44,323.53,20.79,3.64,21.40,
995.,Medistep Health.,23.30,8.00,33.11,0.00,1.02,,11.25,,37.83,
996.,Krupalu Metals,55.85,15.26,32.80,0.00,,,,,26.54,
997.,GB Logistics,40.00,3.65,32.78,0.00,6.28,111.45,154.98,206.59,28.20,
998.,City Crops Agro,20.00,13.16,32.63,0.00,1.25,-7.41,34.06,24.94,8.46,
999.,Abril Paper,40.31,22.82,32.17,0.00,,,,,20.04,
1000.,Rapid Multimodal,84.00,14.16,32.01,0.00,0.99,,59.21,,29.59,
1001.,QVC Exports,30.45,6.19,31.82,1.64,4.34,-15.07,197.53,-31.44,11.20,
1002.,Micropro Softwar,21.80,,31.17,0.00,-0.55,-110.72,16.76,7.99,-3.38,
1003.,Swati Projects,30.50,,30.81,0.00,-0.65,-482.35,0.63,65.79,2.39,
1004.,Mahalaxmi Fab.,28.97,34.19,30.77,0.00,2.59,1423.53,33.52,-14.40,0.13,
1005.,Ahasolar Technol,99.80,,30.76,0.00,1.93,138.27,34.92,19.75,-5.71,
1006.,Yudiz Solutions,29.50,,30.44,0.00,,,,,,
1007.,Earthstahl &All.,24.50,56.58,29.99,0.00,-0.14,-116.87,35.60,-15.72,3.58,
1008.,KK Shah Hospital,43.30,,29.48,0.00,-0.70,-289.19,4.97,42.41,-2.33,
1009.,Command Polymers,31.25,52.32,29.30,0.00,0.41,116.33,2.28,-47.10,4.73,
1010.,Eighty Jewellers,28.60,15.77,29.17,0.00,0.59,-34.44,59.74,29.31,10.10,
1011.,Valencia India,22.00,13.55,28.60,0.00,0.89,-8.25,3.43,-31.81,22.21,
1012.,AccelerateBS Ind,83.00,39.10,28.54,1.20,0.60,1.69,3.53,-13.48,22.18,
1013.,Cargosol Logist.,27.75,202.21,28.31,0.00,0.90,-29.13,60.81,-15.00,7.01,
1014.,Goel Food,14.75,5.50,27.81,0.00,4.56,34.12,16.51,18.95,17.83,
1015.,Groarc Industrie,13.55,,27.73,0.00,0.87,495.45,22.54,2247.92,2.91,
1016.,Aspire & Innovat,17.95,7.00,27.24,0.00,1.73,-67.84,66.87,-67.76,10.72,
1017.,SPP Polymer,17.40,23.70,26.78,2.87,0.25,-85.12,53.52,4.82,7.02,
1018.,Davin Sons Reta,50.47,16.00,26.56,0.00,0.93,9.41,7.24,-19.38,21.62,
1019.,Mandeep Auto,25.50,18.70,26.36,0.00,2.77,85.91,16.29,-2.28,6.98,
1020.,Hindustan Agrig.,59.80,657.75,26.31,0.00,0.40,900.00,0.04,0.00,-3.53,
1021.,SVS Ventures,12.28,327.75,26.22,0.00,0.01,-88.89,-0.24,-209.09,0.30,
1022.,JHS Svend.Retail,31.59,,25.92,0.00,-0.04,-140.00,3.28,-5.48,3.55,
1023.,Naturewings Hol.,81.90,23.96,25.88,1.83,0.36,-56.10,9.00,-3.43,25.40,
1024.,Vrundavan Planta,48.00,14.55,25.60,0.00,0.55,-22.54,12.53,8.30,10.38,
1025.,Global Longlife,23.72,,24.91,0.00,-1.04,67.70,0.00,-100.00,-13.69,
1026.,Vikram Aroma,79.41,,24.90,0.00,0.06,110.34,5.09,-34.15,-4.83,
1027.,NAPS Global,56.00,14.77,24.81,0.00,1.39,,42.33,,23.81,
1028.,Cyber Media Res.,84.00,8.95,24.60,2.38,1.06,70.97,22.01,21.87,15.41,
1029.,Technopack Poly.,22.75,14.28,24.57,0.00,0.87,569.23,8.04,39.58,11.59,
1030.,Indong Tea Co,12.58,87.25,24.43,0.00,-2.83,16.27,15.93,87.85,1.90,
1031.,Yasons Chemex,12.50,31.75,24.13,0.00,1.02,-45.74,49.27,67.70,7.37,
1032.,BLT Logi.,50.30,6.38,24.12,0.00,,,,,31.56,
1033.,Shanthala FMCG,35.85,24.75,24.01,0.00,0.55,223.53,26.89,18.98,5.98,
1034.,Om Metallogic,29.70,10.52,23.35,0.00,,,,,20.90,
1035.,SBEC Systems,23.33,9.48,23.33,0.00,0.22,10.00,0.75,13.64,50.83,
1036.,Aten Papers,22.18,8.22,22.85,0.00,3.82,,58.17,,23.21,
1037.,Maks Energy,32.80,31.60,22.75,0.00,0.42,14.00,32.43,-8.34,9.49,
1038.,Inspire Films,16.50,,22.46,0.00,-1.34,-218.58,3.75,-58.70,-8.59,
1039.,Shoora Designs,48.43,373.17,22.39,0.00,0.28,460.00,2.53,204.82,0.25,
1040.,Jay Kailash,44.50,18.38,22.24,0.00,0.61,-4.69,6.22,-18.90,12.07,
1041.,Hamps Bio,25.48,74.00,22.20,0.00,0.03,-86.96,3.13,-6.01,6.68,
1042.,Gajanand Inter.,11.75,61.47,22.13,0.00,-0.78,-165.00,51.59,-33.77,4.22,
1043.,TGIF Agribusines,85.00,12.64,21.99,0.00,0.77,14.93,1.48,-3.27,27.56,
1044.,Containe Tech.,34.99,24.55,21.85,0.00,0.41,20.59,8.66,54.92,9.25,
1045.,Machhar Industri,291.00,165.85,21.56,0.00,0.11,-21.43,3.51,-25.16,3.55,
1046.,Triumph Intl.,28.65,5.63,21.49,0.00,0.98,18.07,0.00,,8.76,
1047.,Benchmark Comp.,31.00,12.59,21.28,0.00,0.67,-46.83,24.45,12.99,8.11,
1048.,Parmeshwari Silk,70.78,2.55,21.24,0.00,2.22,39.88,60.60,8.91,11.89,
1049.,Fone4 Communica.,8.44,,21.06,0.00,-1.77,72.43,24.08,-69.27,-33.05,
1050.,Quality Foils,73.35,14.64,20.93,0.00,0.83,1.22,94.26,22.38,4.19,
1051.,Shashwat Furnis.,98.84,41.28,20.64,0.00,0.49,,11.18,,,
1052.,Neopolitan Pizza,12.00,49.76,20.40,0.00,-0.42,-135.00,34.49,22.05,3.13,
1053.,EP Biocomposites,120.95,22.11,20.34,0.00,0.09,-57.14,4.07,-7.50,14.28,
1054.,Boss Packaging,45.10,13.02,20.05,0.00,0.93,24.00,9.88,5.78,22.69,
1055.,Citichem India,29.46,16.28,20.03,0.00,1.11,,52.70,,11.56,
1056.,Bikewo Green,15.30,30.24,19.96,0.00,0.01,-99.15,14.44,-14.61,4.04,
1057.,Sunrest Lifescie,46.50,9.93,19.95,0.00,,,,,,
1058.,Koura Fine Diamo,42.50,116.94,19.88,0.00,0.10,-52.38,25.74,-16.86,4.35,
1059.,Marinetrans Indi,15.40,39.20,19.60,0.00,0.26,160.00,78.96,22.91,5.48,
1060.,Excellent Wires,43.60,17.40,19.49,0.00,0.77,87.80,11.70,36.84,12.24,
1061.,PDP Shipping,65.25,9.20,19.41,0.00,1.87,73.15,12.09,-2.18,21.49,
1062.,Brisk Technovisi,97.00,20.00,19.40,3.09,0.14,-70.83,17.09,52.73,18.75,
1063.,Mish Designs,60.83,21.75,19.36,0.00,0.63,12.50,11.91,34.12,9.11,
1064.,L.K.Mehta Poly.,50.40,32.25,19.35,0.00,0.35,,11.86,,10.59,
1065.,Innokaiz India,18.85,,19.27,0.00,-3.21,-1505.00,3.92,-80.56,-5.62,
1066.,Varyaa Creations,40.00,45.62,19.16,0.00,-0.20,-150.00,16.02,61.82,6.61,
1067.,Swasth Foodtech,32.00,7.78,18.74,0.00,0.59,-61.18,80.35,50.10,13.63,
1068.,Avax Apparels,178.40,11.37,18.54,0.00,0.73,,19.35,,43.81,
1069.,Ishan Internat.,0.85,87.52,18.38,0.00,-0.11,-134.55,42.71,102.23,2.88,
1070.,Vivaa Tradecom,46.00,23.83,18.11,0.00,0.52,57.58,126.75,36.03,4.37,
1071.,Scarnose Inter.,57.45,95.26,18.10,0.00,0.15,200.00,2.40,485.37,2.59,
1072.,Rita Finance and,18.01,31.05,18.01,0.00,0.22,15.79,0.37,15.62,4.62,
1073.,Jiwanram Sheo,7.05,6.49,17.45,0.00,1.38,67.92,35.13,37.98,4.40,
1074.,Saroja Pharma In,43.15,16.84,17.35,0.00,0.70,84.21,35.11,81.35,12.57,
1075.,Dhyaani Trade,10.15,192.00,17.28,0.00,0.02,-124.56,1.47,-92.33,1.96,
1076.,Veritaas Adver.,61.20,11.68,17.28,0.00,0.65,-29.35,8.25,43.98,22.37,
1077.,Labelkraft Tech.,52.75,13.80,17.11,0.00,0.79,29.51,10.61,15.45,14.06,
1078.,Arrowhead Sepera,88.00,40.17,16.47,0.00,-0.30,-129.41,11.92,0.59,6.17,
1079.,Dhillon Freight,40.60,17.69,15.92,0.00,,,,,23.82,
1080.,Euphoria Infotec,54.15,8.78,15.71,0.00,0.82,164.52,6.26,165.25,16.20,
1081.,Resourceful Auto,59.10,12.36,15.70,0.00,1.95,29.14,12.51,-1.50,13.43,
1082.,Tejassvi Aaharam,22.17,,15.52,0.00,-0.22,-15.79,15.38,,-123.08,
1083.,Kahan Packaging,56.00,13.60,15.23,0.00,0.58,28.89,14.23,13.57,14.28,
1084.,Kenrik Indust.,11.95,15.08,14.93,0.00,0.63,1160.00,52.94,31.99,10.63,
1085.,Plada Infotech S,16.95,7.73,14.53,0.00,0.99,-36.54,34.53,0.15,10.69,
1086.,Winny Immigratio,66.00,,14.32,0.00,-2.64,-333.63,3.92,-37.38,-116.40,
1087.,Asian Warehous.,40.80,,14.23,0.00,0.00,-100.00,0.44,4.76,1.58,
1088.,Niraj Ispat Ind.,231.97,9.53,13.92,0.00,0.40,42.86,0.95,5.56,10.75,
1089.,Globale Tessile,12.80,,13.59,0.00,-0.36,-183.72,1.04,-94.45,-0.47,
1090.,Adhata Global,28.64,150.11,13.51,0.00,-0.17,-375.00,2.09,86.61,10.26,
1091.,Sahara Maritime,43.70,55.92,13.42,0.00,0.57,-19.72,17.45,113.59,3.44,
1092.,Vedant Asset,48.00,60.27,13.26,0.00,0.03,-75.00,1.92,34.27,6.87,
1093.,Future Ent. DVR,3.30,,12.99,0.00,6.10,-90.68,2899.46,22.43,,
1094.,Steelco Gujarat,25.59,,12.71,0.00,-4.64,-45.91,0.33,6.45,-9.27,
1095.,Rite Zone,30.00,14.26,12.69,0.00,0.28,-61.64,11.94,-25.00,7.73,
1096.,Associated Coat.,92.50,11.80,12.51,0.00,0.40,,2.21,,32.62,
1097.,Reetech Intl,28.65,,12.11,0.00,-5.05,-631.58,6.11,-69.28,-0.26,
1098.,Amiable Logistic,67.90,15.42,11.87,0.00,0.10,-85.29,9.13,-25.35,11.79,
1099.,DAPS Advertising,22.80,9.92,11.80,0.88,0.78,34.48,11.05,14.98,9.90,
1100.,Solve Plastic,26.60,,11.62,0.00,-2.84,-395.83,21.38,-5.44,-24.67,
1101.,Indifra Ltd,15.80,1152.00,11.52,0.00,-0.26,-2500.00,2.17,-76.94,0.11,
1102.,Veerkrupa Jewel,0.86,56.35,11.27,0.00,0.16,-30.43,20.99,378.13,1.17,
1103.,Kizi Apparels,14.23,12.94,11.13,0.00,0.45,0.00,14.00,19.66,12.11,
1104.,Lyons Corporate,23.52,,11.00,0.00,-0.01,80.00,0.29,31.82,6.10,
1105.,Shentracon Chem.,24.55,90.83,10.90,0.00,0.07,240.00,0.00,,-8.49,
1106.,3C IT Solutions,17.21,,10.36,0.00,0.11,-85.33,13.02,4.41,5.99,
1107.,Sahaj Fashions,7.85,11.00,10.34,0.00,0.51,,53.36,,8.27,
1108.,Magenta Life,15.00,128.75,10.30,0.00,0.05,-94.51,4.34,-7.86,2.61,
1109.,Patron Exim,4.41,146.00,10.22,0.00,0.32,-45.76,24.36,357.89,0.28,
1110.,Globesecure Tech,6.30,,10.04,0.00,-3.11,-488.75,6.38,-53.87,-4.85,
1111.,Padmanabh Alloys,18.49,91.00,10.01,0.00,-0.27,-800.00,10.33,7.49,4.34,
1112.,Broach Lifecare,16.10,18.09,9.77,0.00,0.09,-80.85,1.37,-19.41,9.45,
1113.,Sabar Flex India,5.65,13.73,9.75,0.00,-0.15,-105.51,86.46,-1.79,5.94,
1114.,GACM Tech-DVR,0.51,8.56,9.67,0.00,,,,,13.32,
1115.,Finelistings Tec,26.40,,9.60,0.00,-2.53,-477.61,7.34,29.68,-32.56,
1116.,Clinitech Lab,42.00,28.21,9.59,0.00,0.17,-43.33,4.16,24.55,8.15,
1117.,Sanchay Finvest,30.32,,9.55,0.00,-0.34,-150.88,0.00,-100.00,-0.94,
1118.,Falcon,17.55,12.70,9.40,0.00,0.39,-52.44,13.98,10.69,10.59,
1119.,Gconnect Logitec,24.32,32.32,9.05,0.00,0.11,1000.00,2.14,13.23,6.43,
1120.,Sailani Tours N,19.00,47.05,8.94,0.00,0.10,11.11,10.59,38.79,4.93,
1121.,Naturo Indiabull,4.18,,7.89,0.00,0.49,-35.53,13.39,-53.39,-2.50,
1122.,Siddhes. Garment,23.50,,7.78,0.00,-0.02,0.00,0.00,,0.00,
1123.,Kalahridhaan Tre,4.50,1.84,7.73,11.11,0.98,-79.71,88.97,5.58,19.29,
1124.,Amanaya Ventures,19.98,25.76,7.47,0.00,0.02,-33.33,20.08,52.47,7.93,
1125.,Net Avenue,3.45,,7.40,0.00,-1.95,12.16,12.73,-0.93,-43.93,
1126.,Sparc Electrex,6.54,,6.65,0.00,-0.66,-1750.00,0.10,-88.76,-7.92,
1127.,Apollo Ingredie.,6.27,,6.52,0.00,-0.11,,0.56,12.00,10.57,
1128.,Harig Crankshaft,5.62,,5.90,0.00,-2.22,-6.22,0.00,,,
1129.,Tirth Plastic,13.07,,5.82,0.00,-0.02,-300.00,0.00,,0.40,
1130.,Natl. Plywood,2.25,,5.54,0.00,-0.55,-184.62,2.11,-79.37,,
1131.,Mafia Trends,12.38,13.39,5.49,0.00,0.32,23.08,5.34,40.53,7.59,
1132.,Simplex Papers,1614.95,,4.85,0.00,-0.03,25.00,0.00,,-34.78,
1133.,Richa Industries,1.65,,3.87,0.00,-5.84,-94.02,9.37,62.67,,
1134.,Swadha Nature,9.41,,3.85,0.00,-0.01,-200.00,0.00,-100.00,-3.51,
1135.,Shikhar Cons.,6.70,,3.04,0.00,-0.05,-25.00,0.00,,-3.27,
1136.,Revati Media,9.58,,2.87,0.00,-0.06,0.00,0.00,,-10.79,
1137.,Wardwizard Healt,39.19,,0.96,0.00,-0.21,-40.00,0.19,,-58.66,
